-- =============================================
-- 青耘学堂 测试数据（从数据库导出）
-- 执行前请先运行 init.sql 初始化数据库结构
-- 用法: mysql -u root -p qingyun < test.sql
-- =============================================
INSERT INTO `assignment`
    (`id`, `course_id`, `assignment_title`, `deadline`, `max_score`, `assignment_create_time`, `updated_at`)
VALUES (1,1,'第一次作业：名词分类练习','2026-07-05 23:59:59',100,'2026-06-28 13:10:16','2026-06-28 13:10:16'),
(2,1,'第二次作业：一般现在时造句','2026-07-15 23:59:59',100,'2026-06-28 13:10:16','2026-06-28 13:10:16'),
(3,2,'段落写作：我的周末','2026-07-25 23:59:59',50,'2026-06-28 13:10:16','2026-07-02 15:20:00'),
(10,12,'第一次作业：国学经典诵读','2026-07-12 23:59:59',55,'2026-07-04 10:40:20','2026-07-04 10:40:20'),
(11,12,'第二次作业：唐宋诗词鉴赏','2026-07-19 23:59:59',55,'2026-07-04 10:40:20','2026-07-04 10:40:20'),
(12,12,'第三次作业：文言文与传统文化','2026-07-26 23:59:59',55,'2026-07-04 10:40:20','2026-07-04 10:40:20'),
(13,8,'第一次作业：一元一次方程','2026-07-10 23:59:59',50,'2026-07-04 10:47:46','2026-07-04 10:47:46'),
(14,8,'第二次作业：二元一次方程组','2026-07-17 23:59:59',40,'2026-07-04 10:47:46','2026-07-04 10:47:46'),
(15,8,'第三次作业：一元二次方程与不等式','2026-07-24 23:59:59',55,'2026-07-04 10:47:46','2026-07-04 10:47:46');

 INSERT INTO `class` (`id`, `course_id`, `user_id`, `class_title`, `file_url`, `end_time`, `status`, `create_time`) VALUES (1,1,1,'第一讲：名词与冠词——认识事物的名字','https://example.com/ppt1.pptx','2026-07-01 11:00:00','ended','2026-06-29 15:07:22'),
(2,1,1,'第二讲：动词与时态——描述动作的发生','https://example.com/ppt2.pptx','2026-07-08 11:00:00','active','2026-06-29 15:07:22'),
(3,2,1,'第一讲：如何写好一个段落',NULL,'2026-06-20 16:00:00','ended','2026-06-29 15:07:22'),
(4,2,1,'第二讲: 阅读','http://qingyun11.oss-cn-shanghai.aliyuncs.com/chat/files/acaf7f7adb034487a245fcafecba2343.jpg?Expires=1785562404&OSSAccessKeyId=LTAI5t9abqoGX3FgfsGCqx4D&Signature=CLcsuAGtfatGuY7ceWfWYKf5bPg%3D','2026-07-02 12:35:37','ended','2026-07-02 10:35:56'),
(5,2,1,'第三讲: 听力',NULL,'2026-07-02 17:05:00','active','2026-07-02 10:37:52'),
(6,2,1,'第四讲: 练字',NULL,'2026-07-04 08:58:08','ended','2026-07-02 17:03:37'),
(7,3,1,'第一讲: 听力技巧',NULL,'2026-07-03 18:51:49','active','2026-07-03 08:51:46'),
(8,3,1,'第二讲: 口语练习',NULL,'2026-07-03 18:52:24','active','2026-07-03 08:52:32'),
(9,8,30,'一元一次方程',NULL,'2026-07-03 13:57:05','ended','2026-07-03 13:54:11'),
(10,8,30,'二元一次方程组',NULL,'2026-07-04 09:26:13','ended','2026-07-04 09:24:35'),
(11,8,30,'分式方程',NULL,NULL,'active','2026-07-04 09:45:11'),
(12,8,30,'一元二次方程',NULL,NULL,'not_started','2026-07-03 13:57:37'),
(15,12,31,'唐诗初读——李杜的思想情怀',NULL,'2026-07-04 10:23:15','ended','2026-07-03 10:23:12'),
(16,12,31,'宋词欣赏——古诗词的吟唱',NULL,NULL,'active','2026-07-04 10:37:59'),
(17,12,31,'诸子浅读——先秦智慧的形象化感知',NULL,NULL,'active','2026-07-04 10:38:24'),
(18,12,31,'身边的文化遗产——我做小小传承人',NULL,NULL,'active','2026-07-04 10:38:51'),
(19,14,30,'英语',NULL,'2026-07-04 14:40:40','ended','2026-07-04 14:39:43'),
(20,8,30,'分式方程实际应用',NULL,NULL,'active','2026-07-06 10:54:09');
 
INSERT INTO `class_chat` (`id`, `class_id`, `user_id`, `message_type`, `content`, `sent_time`) VALUES (1,1,2,1,'老师，可数名词和不可数名词怎么区分呀？','2026-06-28 13:10:16'),
(2,1,1,1,'很好问题！通常可以数出个数的就是可数名词，像 water 就数不了','2026-06-28 13:10:16'),
(3,1,3,2,'https://example.com/chat_image.png','2026-06-28 13:10:16'),
(4,2,2,1,'老师，一般现在时和现在进行时有什么区别？','2026-06-28 13:10:16'),
(5,5,24,1,'你好！','2026-07-02 14:16:05'),
(6,11,30,1,'123','2026-07-04 14:18:36'),
(7,11,30,1,'13','2026-07-04 15:24:56'),
(8,11,30,1,'123','2026-07-04 15:24:59'),
(9,11,30,1,'123','2026-07-04 15:25:01'),
(10,11,24,1,'1234','2026-07-04 15:30:47'),
(11,11,24,1,'1','2026-07-04 16:34:46'),
(12,2,38,1,'傻','2026-07-06 14:54:20');
 
INSERT INTO `class_check` (`id`, `class_id`, `user_id`, `check_status`, `checkin_time`) VALUES (1,1,2,1,'2026-07-01 08:55:00'),
(2,1,3,2,'2026-07-01 09:15:00'),
(3,2,2,1,'2026-07-08 08:50:00'),
(4,2,3,3,NULL),
(6,4,24,3,'2026-07-02 16:26:02'),
(7,6,24,1,'2026-07-02 17:03:48'),
(8,10,24,1,'2026-07-04 09:25:42'),
(9,11,24,2,'2026-07-04 09:52:44'),
(10,20,24,1,'2026-07-06 10:54:33'),
(11,20,35,1,'2026-07-06 10:54:38');
 
INSERT INTO `class_vote` (`id`, `class_id`, `heading`, `options`, `correct_option`, `duration`, `status`, `created_at`, `ended_at`) VALUES (1,1,'选出正确的冠词填空：_____ apple a day keeps the doctor away.','[\"A. A\", \"B. An\", \"C. The\", \"D. 不填\"]','B',120,'ended','2026-06-28 13:10:16','2026-06-28 13:10:16'),
(2,2,'\"She _____ (go) to school yesterday.\" 正确的形式是？','[\"A. go\", \"B. goes\", \"C. went\", \"D. going\"]','C',90,'active','2026-06-28 13:10:16','2026-07-03 09:26:04'),
(3,5,'我来问个问题','[\"A. 很好\", \"B. 很棒\", \"C. 保持耐心\", \"D. 不错\"]','A',120,'ended','2026-07-02 14:31:06','2026-07-03 09:26:01'),
(4,5,'嘿hei','[\"A. 很好\", \"B. 很棒\", \"C. 保持耐心\", \"D. 不错\"]','C',420,'ended','2026-07-03 09:07:28','2026-07-03 09:26:02'),
(5,5,'新的测试','[\"A. 很好\", \"B. 很棒\", \"C. 保持耐心\", \"D. 不错\"]','B',6000,'active','2026-07-03 09:09:32','2026-07-03 10:26:03'),
(6,5,'以下哪种数据结构是先进后出（LIFO）？','[\"A. 队列\", \"B. 栈\", \"C. 链表\", \"D. 数组\"]','B',10,'active','2026-07-03 09:20:01','2026-07-03 09:20:11'),
(7,5,'sihxjwqoi','[\"A. 队列\", \"B. 栈\", \"C. 链表\", \"D. 数组\"]','C',6000,'active','2026-07-03 09:38:39','2026-07-03 09:48:39'),
(8,5,'最新','[\"A. 队列\", \"B. 栈\", \"C. 链表\", \"D. 数组\"]','A',6000,'active','2026-07-03 09:48:08','2026-07-03 09:58:08'),
(9,10,'解方程组 {2x + y = 7, x - y = 2}，则 x 和 y 的值分别是？','[\"A.x=3, y=1\", \"B. x=1, y=3\", \"C. x=2, y=3\", \"D. x=3, y=2\"]','A',36000,'active','2026-07-04 10:03:59','2026-07-04 20:03:59'),
(10,15,'下列关于李白与杜甫诗歌思想情怀的表述，有误的一项是（）','[\"A. 李白仕途顺遂，多写宫廷繁华；杜甫久居朝堂，诗写宴饮闲适\", \"B. 李白诗风飘逸浪漫，向往自由理想；杜甫诗风沉郁顿挫，心系百姓家国\", \"C. 《行路难》抒发李白失意却胸怀壮志的豪情\", \"D. 《春望》承载杜甫战乱之中忧国思亲的悲痛\"]','C',36000,'active','2026-07-04 11:05:21','2026-07-04 21:05:21'),
(11,19,'1+1=？','[\"A. 1\", \"B. 2\", \"C. 3\", \"D. 4\"]','B',5,'active','2026-07-04 14:40:18','2026-07-04 14:40:23'),
(12,19,'1+1=？','[\"A. 1\", \"B. 2\", \"C. 3\", \"D. 4\"]','B',5,'active','2026-07-04 14:40:22','2026-07-04 14:40:27'),
(13,20,'班级筹集 240 元活动费，原计划x人分担，新增 4 人后每人少出 3 元，方程为','[\"A. 240/x-240/(x+4)=3\", \"B. 240/(x+4)-240/x=3\", \"C. 240/x-240/(x-4)=3\", \"D. 240/x+240/(x+4)=3\"]','A',60,'active','2026-07-06 11:06:44','2026-07-06 11:07:44'),
(14,20,'班级筹集 240 元活动费，原计划x人分担，新增 4 人后每人少出 3 元，方程为？','[\"A. 240/x-240/(x+4)=3\", \"B. 240/(x+4)-240/x=3\", \"C. 240/x-240/(x-4)=3\", \"D. 240/x+240/(x+4)=3\"]','A',300,'active','2026-07-06 11:10:20','2026-07-06 11:15:20');
 
INSERT INTO `course` (`id`, `user_id`, `course_title`, `description`, `cover`, `student_count`, `course_code`, `status`, `audit_status`, `audit_remark`, `audit_time`, `created_at`, `updated_at`) VALUES (1,1,'英语语法入门','从词性到时态，轻松掌握英语语法基础','http://qingyun11.oss-cn-shanghai.aliyuncs.com/flower/5565e24ff12c46a9b99d58f8d80bd210.png?Expires=1785726580&OSSAccessKeyId=LTAI5t9abqoGX3FgfsGCqx4D&Signature=ZAODg09TT1fYiN0LjZl9wsJPgE8%3D',6,'ENG2026','active',1,'','2026-07-03 11:29:35','2026-06-28 13:10:15','2026-07-04 11:11:02'),
(2,1,'英语阅读与写作','通过趣味短文学习地道表达，提升写作能力','http://qingyun11.oss-cn-shanghai.aliyuncs.com/flower/f7856c5f3d9d40b4850460b57a0566dc.png?Expires=1785726621&OSSAccessKeyId=LTAI5t9abqoGX3FgfsGCqx4D&Signature=YYKiWRQU1alZGYCkiVpDWOlI4I0%3D',4,'WRITE2026','active',1,'','2026-07-03 13:45:07','2026-06-28 13:10:15','2026-07-04 11:11:02'),
(3,1,'英语听力与口语','情景对话训练，告别哑巴英语','http://qingyun11.oss-cn-shanghai.aliyuncs.com/flower/f516e1c5e4b34a4488d52dbf3836e70d.png?Expires=1785726652&OSSAccessKeyId=LTAI5t9abqoGX3FgfsGCqx4D&Signature=%2BPm%2FebSfI1WsgxEHIJoDApVDR%2Fs%3D',1,'ENG200','active',1,'','2026-07-03 13:45:09','2026-07-03 08:50:12','2026-07-04 11:11:02'),
(6,30,'压轴题思维','动态几何、存在性问题、最值问题、函数与几何综合','http://qingyun11.oss-cn-shanghai.aliyuncs.com/course_cover/a8bbf43118944a338805c52c8d11b8c8.png?Expires=1785649919&OSSAccessKeyId=LTAI5t9abqoGX3FgfsGCqx4D&Signature=89%2BSAAMIm5KYNFK4owqF%2B%2BGrego%3D',0,'YZT2026','archived',1,'','2026-07-03 13:51:23','2026-07-03 13:39:00','2026-07-03 13:52:14'),
(7,30,'初一数学·数与式基础','有理数、实数、整式加减乘除、因式分解、分式、二次根式','http://qingyun11.oss-cn-shanghai.aliyuncs.com/course_cover/f12f329eef96426c9058d6a897facce6.png?Expires=1785649420&OSSAccessKeyId=LTAI5t9abqoGX3FgfsGCqx4D&Signature=O8BKIOHUbGaAJidEqgwnTvlvCuM%3D',0,'CYSX2026','archived',1,'','2026-07-03 13:51:25','2026-07-03 13:45:02','2026-07-03 13:51:27'),
(8,30,'方程与不等式精讲','一元一次方程、二元一次方程组、分式方程、一元二次方程、一元一次不等式（组）','http://qingyun11.oss-cn-shanghai.aliyuncs.com/course_cover/f4bda09cde5147e1bdb505ec552696b6.png?Expires=1785649583&OSSAccessKeyId=LTAI5t9abqoGX3FgfsGCqx4D&Signature=JJ7jDY6B7KQ7pbk5Y3iwCYVzhKM%3D',2,'FC2026','active',1,'','2026-07-03 13:51:25','2026-07-03 13:46:45','2026-07-03 13:51:27'),
(9,31,'群文阅读·主题整合','打破单篇阅读局限，围绕核心议题整合多篇文本，在多文本的横纵对比中建立系统的知识结构','http://qingyun11.oss-cn-shanghai.aliyuncs.com/flower/f8ffd8b3c75247489ee1cb7b095a8ad9.png?Expires=1785723647&OSSAccessKeyId=LTAI5t9abqoGX3FgfsGCqx4D&Signature=fEGC2Jzvsw%2BR6FPOhnmla2Jjv6s%3D',0,'QW2026','active',1,'','2026-07-04 09:45:36','2026-07-04 09:45:31','2026-07-04 10:21:06'),
(10,31,'整本书阅读·深度研读','聚焦统编教材必读名著，通过项目化学习方式解决名著阅读“碎片化、浅表化”的困境。','http://qingyun11.oss-cn-shanghai.aliyuncs.com/flower/d7896906bd1c499886cdee15766b2dc6.png?Expires=1785722187&OSSAccessKeyId=LTAI5t9abqoGX3FgfsGCqx4D&Signature=pqLbRYuwAdQ2MaxuJrCKnWtanmE%3D',0,'YD2026','active',1,'','2026-07-03 09:46:23','2026-07-04 09:46:33','2026-07-04 09:58:28'),
(11,31,'写作进阶·序列训练','从教材出发，将写作训练分解为有梯度的系列任务，与阅读教学相结合','http://qingyun11.oss-cn-shanghai.aliyuncs.com/flower/9a9dc8ec4bae423ba372f08661add554.png?Expires=1785723696&OSSAccessKeyId=LTAI5t9abqoGX3FgfsGCqx4D&Signature=h4jn8E%2BlTg0TAkHu7qKCiYJp28g%3D',0,'XZ2026','pending',0,'','2026-07-04 09:47:36','2026-07-04 09:47:37','2026-07-04 11:42:31'),
(12,31,'传统文化·经典浸润','以经典古诗文为载体，将中华优秀传统文化融入课堂，培育文化自信','http://qingyun11.oss-cn-shanghai.aliyuncs.com/flower/71081dc2313e429bac7bfa46cb473a94.png?Expires=1785723609&OSSAccessKeyId=LTAI5t9abqoGX3FgfsGCqx4D&Signature=DPJohDCfdur9dWMPlZ7%2Flpx9jK8%3D',0,'CT2026','active',1,'','2026-07-04 09:49:21','2026-07-04 09:49:23','2026-07-04 10:20:27'),
(13,31,'语文综合实践·连接生活','将语文学习从课本延伸到真实生活场景，培养学生解决真实问题的能力。','http://qingyun11.oss-cn-shanghai.aliyuncs.com/flower/de7a6a4595304109851932d4d38a9541.png?Expires=1785723574&OSSAccessKeyId=LTAI5t9abqoGX3FgfsGCqx4D&Signature=sXS58uJuusAM5vVkXa%2BB0yNJ5Ns%3D',0,'ZH2026','pending',0,'','2026-07-04 11:33:34','2026-07-04 09:50:17','2026-07-04 11:42:31'),
(14,30,'英语','1','http://qingyun11.oss-cn-shanghai.aliyuncs.com/course_cover/20e5888ad5c94c3cad6859bcac256bd8.png?Expires=1785738339&OSSAccessKeyId=LTAI5t9abqoGX3FgfsGCqx4D&Signature=tQ2scto5eSuI6KW%2FY%2BEG0DTbv28%3D',0,'英语26CSTA','active',1,'','2026-07-04 14:33:49','2026-07-04 14:26:20','2026-07-04 14:26:20');
 
INSERT INTO `course_problem` (`id`, `course_id`, `user_id`, `title`, `content`, `reply_count`, `created_at`, `updated_at`) VALUES (1,1,2,'可数名词变复数的规则有哪些？','老师讲了几种规则，但我记不全，能不能总结一下？',1,'2026-07-02 10:00:00','2026-07-02 10:13:36'),
(2,1,3,'什么时候用 a，什么时候用 an？','是不是只看单词的第一个字母是不是元音字母？',1,'2026-07-03 14:00:00','2026-07-02 10:13:36'),
(3,2,2,'段落的主题句一定要放在第一句吗？','有时候看到文章的主题句在最后，这样写也可以吗？',1,'2026-07-04 09:00:00','2026-07-02 10:13:36'),
(4,2,24,'你好呀？','hi',0,NULL,NULL),
(5,8,2,'问题?你能看到吗','就是这样',1,'2026-07-04 14:43:40','2026-07-04 14:43:40'),
(7,1,3,'JVM内存模型中的栈和堆有什么区别？','我在学习JVM内存模型时，不太理解栈和堆的区别，希望老师能解答一下',1,NULL,NULL),
(9,1,24,'apple','apple是可数名词吗？',1,NULL,NULL),
(10,1,24,'apple','apple是可数名词吗？',1,NULL,NULL),
(14,8,24,'去分母','去分母的时候，不含分母的常数项为什么也要乘最小公倍数，经常漏乘怎么办？',2,'2026-07-06 11:49:55','2026-07-06 11:49:55');
 
INSERT INTO `course_problem_reply` (`id`, `problem_id`, `user_id`, `content`, `created_at`, `updated_at`, `is_ai`) VALUES (1,1,1,'一般加 s；以 s/x/sh/ch 结尾加 es；辅音+y 变 y 为 i 加 es；以 f/fe 结尾变 f/fe 为 v 加 es。建议你做个表格来记忆！','2026-07-02 11:00:00','2026-07-02 10:13:36',0),
(2,2,1,'很好问题！看的是发音而不是字母。u开头的单词如 university 虽然以 u 开头，但发音是 /juː/，所以用 a 而不是 an。关键听第一个音是不是元音。','2026-07-03 15:00:00','2026-07-02 10:13:36',0),
(3,3,24,'可以可以',NULL,NULL,0),
(4,5,30,'111',NULL,NULL,0),
(6,7,0,'栈和堆是JVM内存模型的核心区域，区别如下：\n\n**栈**：线程私有，存储局部变量、方法调用和操作数栈。生命周期随线程结束，空间小但访问快，自动释放。\n\n**堆**：线程共享，存储对象实例和数组。生命周期较长，空间大但访问较慢，需垃圾回收管理。\n\n简单记：栈管运行（方法执行），堆管存储（对象数据）。理解这点，后续学习GC和栈帧会更轻松！','2026-07-06 10:11:59',NULL,1),
(8,9,0,'Apple是可数名词。当它表示“苹果”这种水果时，有单复数形式：一个苹果是an apple，多个苹果是apples。例如：I ate an apple.（我吃了一个苹果。）There are three apples on the table.（桌上有三个苹果。）\n\n需要注意的是，如果apple指代苹果树、苹果制品（如苹果酱）或品牌名时，用法可能不同，但日常学习中，它主要作为可数名词使用。你掌握了吗？继续加油！','2026-07-06 10:17:24',NULL,1),
(9,10,0,'同学你好，你问得很好！**apple是可数名词**。通常情况下，我们可以数“一个苹果、两个苹果”，所以它可以用复数形式，即“apples”。例如：“I have an apple.”（我有一个苹果）和“She bought three apples.”（她买了三个苹果）。不过，当apple泛指苹果这种水果或用于比喻（如“the apple of my eye”）时，它仍是可数名词。如果你在句子中看到“some apple”，可能指苹果块或苹果制品，这时它作不可数名词用，但这种情况较少。继续加油，有问题随时问！','2026-07-06 10:17:28',NULL,1),
(14,14,0,'你提的问题很关键！去分母时，方程两边每一项都要乘最小公倍数，这是为了保持等式平衡。常数项看似“没有分母”，但它也是方程的一部分，漏乘会破坏等式的等价性。比如解 (x/2)+3=1，两边乘2得 x+6=2，常数项3和1都乘了2，结果才正确。  \n\n防止漏乘的方法：去分母前，先用括号把方程两边整体括起来，再乘最小公倍数；或者逐项检查，确保每一项都乘了。多练几道题，养成习惯就不容易错了。加油！','2026-07-06 11:50:03',NULL,1),
(17,14,35,'依据等式性质，等式整体同乘公倍数，分配律要求每一项（含常数）都要乘，否则等式不成立。',NULL,NULL,0);
 
INSERT INTO `course_resource` (`id`, `course_id`, `user_id`, `file_name`, `file_url`, `file_size`, `description`, `download_count`, `created_at`, `updated_at`) VALUES (1,1,1,'第一讲课件-名词与冠词.pptx','resource/ppt1.pptx',0,'课堂PPT，包含名词分类和冠词用法',3,'2026-07-01 09:00:00','2026-07-02 11:54:49'),
(2,1,1,'名词练习题.pdf','resource/exercise1.pdf',0,'课后练习，巩固名词知识点',5,'2026-07-01 10:00:00','2026-07-02 11:54:49'),
(3,2,1,'范文集-我的周末.png','http://qingyun11.oss-cn-shanghai.aliyuncs.com/course_cover/a8bbf43118944a338805c52c8d11b8c8.png?Expires=1785649919&OSSAccessKeyId=LTAI5t9abqoGX3FgfsGCqx4D&Signature=89%2BSAAMIm5KYNFK4owqF%2B%2BGrego%3D',489,'优秀范文合集，供学生参考学习',15,'2026-06-20 15:00:00','2026-07-03 14:16:16'),
(4,2,1,'ajo.txt','http://qingyun11.oss-cn-shanghai.aliyuncs.com/chat/files/d4aa5af2bf59472187e13622775dded5.txt?Expires=1785564768&OSSAccessKeyId=LTAI5t9abqoGX3FgfsGCqx4D&Signature=YtGoXyCCucB6WMpdN53Dv2xD8KQ%3D',15015456,NULL,1,'2026-07-02 14:12:58','2026-07-02 15:05:22'),
(6,8,30,'01-《升学空间站》需求说明书___软工方向样例.docx','http://qingyun11.oss-cn-shanghai.aliyuncs.com/course_resources/ee3a3c097780499c98983e03069ec87e.docx?Expires=1785738486&OSSAccessKeyId=LTAI5t9abqoGX3FgfsGCqx4D&Signature=c0nk7YFkRlN6XUng5gBMHoiWRow%3D',1392057,'需求说明书',0,NULL,NULL),
(7,14,30,'1.png','http://qingyun11.oss-cn-shanghai.aliyuncs.com/course_resources/33a41b05bbbd4e80b48557a65be02fc0.png?Expires=1785739143&OSSAccessKeyId=LTAI5t9abqoGX3FgfsGCqx4D&Signature=Kj83yjlg%2Bwx%2BOL4oq64jbyac%2B3g%3D',3060046,'这是一张图片',0,NULL,NULL);
 
INSERT INTO `course_review` (`id`, `course_id`, `user_id`, `star`, `review_content`, `likecount`, `review_create_time`) VALUES (1,1,2,5,'老师讲得很清楚，原来语法也可以这么有趣！',3,'2026-06-28 13:10:16'),
(2,1,3,4,'内容很好，要是能多些练习就更棒了',1,'2026-06-28 13:10:16'),
(3,2,24,5,'老师很专业！',0,'2026-07-04 09:08:25'),
(4,8,24,5,'老师讲得很清楚！',0,'2026-07-04 15:30:24'),
(5,1,35,5,'讲的很好，学到了很多',0,'2026-07-04 17:00:06');
 
INSERT INTO `course_student` (`id`, `course_id`, `user_id`, `joined_at`) VALUES (1,1,2,'2026-06-28 13:10:15'),
(2,1,3,'2026-06-28 13:10:15'),
(3,2,2,'2026-06-28 13:10:15'),
(4,2,24,'2026-06-30 16:54:00'),
(5,2,23,'2026-07-02 16:42:41'),
(6,1,23,'2026-07-02 16:43:17'),
(7,1,24,'2026-07-02 16:51:53'),
(8,1,35,'2026-07-03 14:44:23'),
(9,8,35,'2026-07-03 14:44:38'),
(10,2,36,'2026-07-03 15:39:14'),
(11,8,24,'2026-07-04 09:24:38'),
(12,3,35,'2026-07-04 16:05:18'),
(13,1,38,'2026-07-06 14:53:55');
 
INSERT INTO `feedback` (`id`, `user_id`, `content`, `reply_content`, `reply_time`, `status`, `created_at`, `updated_at`) VALUES (1,2,'我不想写作业,能把作业功能删了吗','不好意思同学,我们暂时不支持修改呢~','2026-07-06 13:43:09',1,'2026-07-01 10:00:00','2026-07-06 13:43:24'),
(2,3,'提交作业后看不到提交状态，建议加个标识','感谢反馈，已优化提交状态显示，请刷新查看','2026-07-01 14:00:00',1,'2026-07-01 09:30:00','2026-07-02 10:13:29'),
(3,1,'希望在课堂上增加举手发言功能',NULL,NULL,0,'2026-07-01 15:00:00','2026-07-02 10:13:29'),
(4,24,'数学课好难','具体是哪部分难可以找提问','2026-07-04 10:07:54',1,'2026-07-03 15:41:38','2026-07-03 15:41:38');
 
INSERT INTO `flower` (`id`, `user_id`, `seed_id`, `sunlight`, `water`, `nutrient`, `growth_value`, `stage`, `is_unlocked`, `created_at`, `updated_at`) VALUES (1,2,2,0,0,0,0,3,1,'2026-06-28 13:10:16','2026-07-01 15:29:33'),
(2,2,1,0,0,0,0,1,0,'2026-06-28 13:10:16','2026-07-01 15:29:33'),
(3,3,2,90,100,70,90,1,0,'2026-06-28 13:10:16','2026-07-01 15:31:47'),
(4,6,1,0,0,0,0,0,0,'2026-06-29 22:56:34','2026-06-29 22:56:34'),
(5,3,1,0,0,0,0,0,0,'2026-07-01 15:32:37','2026-07-01 15:32:37'),
(11,24,1,100,80,60,240,3,1,'2026-07-03 16:20:40','2026-07-03 16:21:20'),
(12,24,2,90,100,70,260,3,1,'2026-07-03 16:21:30','2026-07-03 16:39:48'),
(13,24,3,60,40,50,150,3,1,'2026-07-03 16:40:17','2026-07-03 16:40:46'),
(14,24,4,10,30,30,70,1,0,'2026-07-03 16:40:49','2026-07-04 09:45:04'),
(15,35,1,100,80,60,240,3,1,'2026-07-03 17:45:56','2026-07-04 10:29:21'),
(16,35,2,90,100,70,260,3,1,'2026-07-04 10:37:30','2026-07-04 11:44:43'),
(17,35,3,60,40,50,150,3,1,'2026-07-04 11:45:05','2026-07-04 11:52:41'),
(18,35,4,0,0,20,20,0,0,'2026-07-04 11:52:47','2026-07-04 15:56:42');
 
INSERT INTO `notice` (`id`, `user_id`, `notice_title`, `notice_content`, `notice_status`, `notice_type`, `push_time`) VALUES (1,2,'作业批改通知','您的第一次作业已批改，得分85',1,4,'2026-06-28 13:10:16'),
(2,2,'课堂提醒','第二讲将于7月8日开始，记得准时参加哦',1,1,'2026-06-28 13:10:16'),
(3,3,'作业截止提醒','您的第二次作业即将截止，请尽快提交',0,2,'2026-06-28 13:10:16'),
(4,2,'系统升级通知','平台将于7月1日凌晨2:00-5:00进行系统升级',1,0,'2026-06-29 10:00:00'),
(5,2,'第三讲上课提醒','「英语语法入门」第三讲将于7月15日14:00开始',1,1,'2026-06-29 09:00:00'),
(6,3,'新作业发布','第三次作业：过去时态练习已发布，截止日期7月20日',0,2,'2026-06-28 15:00:00'),
(7,2,'作业提交提醒','王小红提交了第二次作业，等待批改',1,3,'2026-06-28 14:00:00'),
(8,3,'作业批改通知','您的第一次作业已批改，得分92',1,4,'2026-06-28 11:00:00'),
(9,2,'课程通知','暑期课程安排已更新，请查看最新课表',1,0,'2026-06-27 16:00:00'),
(10,3,'上课提醒','「英语阅读与写作」本周五课程取消',0,1,'2026-06-27 10:00:00'),
(11,26,'notice1','balilallal',1,1,'2026-07-01 14:32:19'),
(12,26,'notice2','2222222',1,2,'2026-07-01 14:33:08'),
(13,1,'学生发布新问题','韦敏睿发布了一个新问题：【你好呀？】，请及时查看和回复。',0,6,'2026-07-02 10:51:53'),
(14,2,'你的问题有新回复','韦敏睿回复了你的问题：【段落的主题句一定要放在第一句吗？】，请及时查看。',0,10,'2026-07-02 11:05:05'),
(15,1,'学生提交作业','韦敏睿已提交作业【段落写作：我的周末】，请及时批改。',0,8,'2026-07-02 15:18:55'),
(16,1,'学生提交作业','韦敏睿已提交作业【新作业】，请及时批改。',0,8,'2026-07-02 15:56:06'),
(17,2,'新作业发布','【第一次作业：名词分类练习】已发布，截止时间：2026-07-05T23:59:59',0,3,'2026-07-02 16:04:17'),
(18,3,'新作业发布','【第一次作业：名词分类练习】已发布，截止时间：2026-07-05T23:59:59',0,3,'2026-07-02 16:04:17'),
(19,23,'加入课程成功','您已成功加入【英语阅读与写作】，开始学习吧！',0,1,'2026-07-02 16:42:42'),
(20,23,'加入课程成功','您已成功加入【英语语法入门】，开始学习吧！',0,1,'2026-07-02 16:43:17'),
(21,24,'加入课程成功','您已成功加入【英语语法入门】，开始学习吧！',1,1,'2026-07-02 16:51:54'),
(22,2,'新作业发布','【第二次作业：Java集合框架】已发布，截止时间：2026-07-15T23:59:59',0,3,'2026-07-02 17:44:08'),
(23,23,'新作业发布','【第二次作业：Java集合框架】已发布，截止时间：2026-07-15T23:59:59',0,3,'2026-07-02 17:44:08'),
(24,24,'新作业发布','【第二次作业：Java集合框架】已发布，截止时间：2026-07-15T23:59:59',1,3,'2026-07-02 17:44:08'),
(25,1,'学生提交作业','李小明已提交作业【第二次作业：Java集合框架】，请及时批改。',0,8,'2026-07-02 17:44:27'),
(26,1,'学生提交作业','李小明已提交作业【第二次作业：Java集合框架】，请及时批改。',0,8,'2026-07-03 09:00:46'),
(27,1,'学生提交作业','韦敏睿已提交作业【第二次作业：Java集合框架】，请及时批改。',0,8,'2026-07-03 10:14:18'),
(28,1,'课程审核通过','您的课程【英语语法入门】已审核通过，学生可加入学习！',0,9,'2026-07-03 11:29:35'),
(29,1,'学生提交作业','韦敏睿已提交作业【111】，请及时批改。',0,8,'2026-07-03 14:26:24'),
(30,1,'学生提交作业','韦敏睿已提交作业【第一次作业：名词分类练习】，请及时批改。',0,8,'2026-07-03 14:36:16'),
(31,35,'加入课程成功','您已成功加入【英语语法入门】，开始学习吧！',1,1,'2026-07-03 14:44:23'),
(32,35,'加入课程成功','您已成功加入【方程与不等式精讲】，开始学习吧！',1,1,'2026-07-03 14:44:38'),
(33,1,'学生提交作业','韦敏睿已提交作业【ceshiceshi】，请及时批改。',0,8,'2026-07-03 14:52:27'),
(34,2,'新作业发布','【第二次作业：Java集合框架】已发布，截止时间：2026-07-15T23:59:59',0,3,'2026-07-03 14:57:47'),
(35,23,'新作业发布','【第二次作业：Java集合框架】已发布，截止时间：2026-07-15T23:59:59',0,3,'2026-07-03 14:57:47'),
(36,24,'新作业发布','【第二次作业：Java集合框架】已发布，截止时间：2026-07-15T23:59:59',1,3,'2026-07-03 14:57:47'),
(37,36,'加入课程成功','您已成功加入【英语阅读与写作】，开始学习吧！',0,1,'2026-07-03 15:39:14'),
(38,1,'学生提交作业','韦敏睿已提交作业【第二次作业：Java集合框架】，请及时批改。',0,8,'2026-07-03 16:42:44'),
(39,1,'学生提交作业','韦敏睿已提交作业【第二次作业：Java集合框架】，请及时批改。',0,8,'2026-07-03 16:57:20'),
(40,1,'学生提交作业','韦敏睿已提交作业【第二次作业：Java集合框架】，请及时批改。',0,8,'2026-07-03 16:59:43'),
(41,24,'加入课程成功','您已成功加入【方程与不等式精讲】，开始学习吧！',1,1,'2026-07-04 09:24:38'),
(42,24,'新作业发布','【Java核心编程综合练习】已发布，截止时间：2026-07-20T23:59:59',1,3,'2026-07-04 10:15:07'),
(43,35,'新作业发布','【Java核心编程综合练习】已发布，截止时间：2026-07-20T23:59:59',1,3,'2026-07-04 10:15:07'),
(44,2,'暑假快乐！','暑假即将到来，青耘课堂在此祝各位同学暑假快乐~同时也不要忘记学习哟!',0,0,'2026-07-04 10:59:24'),
(45,3,'暑假快乐！','暑假即将到来，青耘课堂在此祝各位同学暑假快乐~同时也不要忘记学习哟!',0,0,'2026-07-04 10:59:24'),
(46,5,'暑假快乐！','暑假即将到来，青耘课堂在此祝各位同学暑假快乐~同时也不要忘记学习哟!',0,0,'2026-07-04 10:59:24'),
(47,6,'暑假快乐！','暑假即将到来，青耘课堂在此祝各位同学暑假快乐~同时也不要忘记学习哟!',0,0,'2026-07-04 10:59:24'),
(48,8,'暑假快乐！','暑假即将到来，青耘课堂在此祝各位同学暑假快乐~同时也不要忘记学习哟!',0,0,'2026-07-04 10:59:24'),
(49,9,'暑假快乐！','暑假即将到来，青耘课堂在此祝各位同学暑假快乐~同时也不要忘记学习哟!',0,0,'2026-07-04 10:59:24'),
(50,10,'暑假快乐！','暑假即将到来，青耘课堂在此祝各位同学暑假快乐~同时也不要忘记学习哟!',0,0,'2026-07-04 10:59:24'),
(51,13,'暑假快乐！','暑假即将到来，青耘课堂在此祝各位同学暑假快乐~同时也不要忘记学习哟!',0,0,'2026-07-04 10:59:24'),
(52,22,'暑假快乐！','暑假即将到来，青耘课堂在此祝各位同学暑假快乐~同时也不要忘记学习哟!',0,0,'2026-07-04 10:59:24'),
(53,24,'暑假快乐！','暑假即将到来，青耘课堂在此祝各位同学暑假快乐~同时也不要忘记学习哟!',1,0,'2026-07-04 10:59:24'),
(54,29,'暑假快乐！','暑假即将到来，青耘课堂在此祝各位同学暑假快乐~同时也不要忘记学习哟!',0,0,'2026-07-04 10:59:24'),
(55,35,'暑假快乐！','暑假即将到来，青耘课堂在此祝各位同学暑假快乐~同时也不要忘记学习哟!',1,0,'2026-07-04 10:59:24'),
(56,36,'暑假快乐！','暑假即将到来，青耘课堂在此祝各位同学暑假快乐~同时也不要忘记学习哟!',0,0,'2026-07-04 10:59:24'),
(57,31,'课程审核通过','您的课程【语文综合实践·连接生活】已审核通过，学生可加入学习！',0,9,'2026-07-04 11:33:34'),
(58,24,'新作业发布','【数学】已发布，截止时间：2026-07-04T23:19:56',1,3,'2026-07-04 14:19:54'),
(59,35,'新作业发布','【数学】已发布，截止时间：2026-07-04T23:19:56',1,3,'2026-07-04 14:19:54'),
(60,30,'课程审核通过','您的课程【英语】已审核通过，学生可加入学习！',0,9,'2026-07-04 14:33:49'),
(61,2,'你的问题有新回复','姜威回复了你的问题：【问题?你能看到吗】，请及时查看。',0,10,'2026-07-04 14:44:25'),
(62,30,'学生提交作业','111已提交作业【数学】，请及时批改。',0,8,'2026-07-04 15:17:15'),
(63,30,'学生提交作业','韦敏睿已提交作业【第一次作业：一元一次方程】，请及时批改。',0,8,'2026-07-04 15:27:55'),
(64,2,'你的问题有新回复','韦敏睿回复了你的问题：【问题?你能看到吗】，请及时查看。',0,10,'2026-07-04 15:30:06'),
(65,30,'学生提交作业','111已提交作业【第一次作业：一元一次方程】，请及时批改。',0,8,'2026-07-04 15:35:06'),
(66,35,'加入课程成功','您已成功加入【英语听力与口语】，开始学习吧！',1,1,'2026-07-04 16:05:18'),
(67,30,'学生提交作业','何彦星已提交作业【第二次作业：二元一次方程组】，请及时批改。',0,8,'2026-07-04 16:19:55'),
(68,30,'学生发布新问题','韦敏睿发布了一个新问题：【11】，请及时查看和回复。',0,6,'2026-07-04 16:35:05'),
(69,30,'学生提交作业','韦敏睿已提交作业【数学】，请及时批改。',0,8,'2026-07-04 16:35:35'),
(70,1,'学生发布新问题','王小红发布了一个新问题：【JVM内存模型中的栈和堆有什么区别？】，请及时查看和回复。',0,6,'2026-07-06 10:11:54'),
(71,3,'🤖 AI助教已回复','你的问题「JVM内存模型中的栈和堆有什么区别？」已被 AI 助教回复，快去查看吧！',0,12,'2026-07-06 10:11:59'),
(72,1,'学生发布新问题','王小红发布了一个新问题：【JVM内存模型中的栈和堆有什么区别？】，请及时查看和回复。',0,6,'2026-07-06 10:12:45'),
(73,3,'🤖 AI助教已回复','你的问题「JVM内存模型中的栈和堆有什么区别？」已被 AI 助教回复，快去查看吧！',0,12,'2026-07-06 10:12:50'),
(74,1,'学生发布新问题','韦敏睿发布了一个新问题：【apple】，请及时查看和回复。',0,6,'2026-07-06 10:17:20'),
(75,1,'学生发布新问题','韦敏睿发布了一个新问题：【apple】，请及时查看和回复。',0,6,'2026-07-06 10:17:23'),
(76,24,'🤖 AI助教已回复','你的问题「apple」已被 AI 助教回复，快去查看吧！',1,12,'2026-07-06 10:17:24'),
(77,24,'🤖 AI助教已回复','你的问题「apple」已被 AI 助教回复，快去查看吧！',1,12,'2026-07-06 10:17:28'),
(78,30,'学生发布新问题','韦敏睿发布了一个新问题：【方程和等式】，请及时查看和回复。',0,6,'2026-07-06 11:17:18'),
(79,24,'🤖 AI助教已回复','你的问题「方程和等式」已被 AI 助教回复，快去查看吧！',1,12,'2026-07-06 11:17:23'),
(80,2,'你的问题有新回复','韦敏睿回复了你的问题：【问题?你能看到吗】，请及时查看。',0,10,'2026-07-06 11:25:40'),
(81,30,'学生发布新问题','韦敏睿发布了一个新问题：【去分母】，请及时查看和回复。',0,6,'2026-07-06 11:29:40'),
(82,24,'🤖 AI助教已回复','你的问题「去分母」已被 AI 助教回复，快去查看吧！',1,12,'2026-07-06 11:29:44'),
(83,30,'学生发布新问题','韦敏睿发布了一个新问题：【去分母】，请及时查看和回复。',0,6,'2026-07-06 11:46:05'),
(84,24,'🤖 AI助教已回复','你的问题「去分母」已被 AI 助教回复，快去查看吧！',1,12,'2026-07-06 11:46:09'),
(85,30,'学生发布新问题','韦敏睿发布了一个新问题：【去分母】，请及时查看和回复。',0,6,'2026-07-06 11:49:55'),
(86,24,'🤖 AI助教已回复','你的问题「去分母」已被 AI 助教回复，快去查看吧！',1,12,'2026-07-06 11:50:03'),
(87,30,'学生提交作业','韦敏睿已提交作业【第二次作业：二元一次方程组】，请及时批改。',0,8,'2026-07-06 11:53:12'),
(88,30,'学生提交作业','韦敏睿已提交作业【第二次作业：二元一次方程组】，请及时批改。',0,8,'2026-07-06 11:53:17'),
(89,24,'📚 智能推荐习题','根据你的错题情况，系统为你推荐了 3 道针对性练习题，快去练习吧！',1,13,'2026-07-06 11:53:21'),
(90,24,'📚 智能推荐习题','根据你的错题情况，系统为你推荐了 3 道针对性练习题，快去练习吧！',1,13,'2026-07-06 11:53:25'),
(91,38,'加入课程成功','您已成功加入【英语语法入门】，开始学习吧！',0,1,'2026-07-06 14:53:55'),
(92,2,'你的问题有新回复','韦敏睿回复了你的问题：【问题?你能看到吗】，请及时查看。',0,10,'2026-07-06 15:08:46'),
(93,24,'你的问题有新回复','何彦星回复了你的问题：【去分母】，请及时查看。',0,10,'2026-07-06 15:31:29'),
(94,24,'你的问题有新回复','何彦星回复了你的问题：【去分母】，请及时查看。',0,10,'2026-07-06 15:34:41');
 
INSERT INTO `notice_publish` (`id`, `notice_title`, `notice_content`, `target_role`, `recipient_count`, `push_time`) VALUES (1,'系统升级通知','7月1日 2:00-5:00 系统升级维护',NULL,10,'2026-06-29 10:00:00'),
(2,'新作业发布','过去时态练习已发布，请按时完成',1,8,'2026-06-28 15:00:00'),
(3,'课程通知','暑期课程安排已更新，请查看最新课表',NULL,10,'2026-06-27 16:00:00'),
(4,'暑假快乐！','暑假即将到来，青耘课堂在此祝各位同学暑假快乐~同时也不要忘记学习哟!',1,13,'2026-07-04 10:59:24');
 
INSERT INTO `object_submit` (`id`, `assignment_id`, `question_id`, `user_id`, `object_score`, `answer_word`, `submit_time`) VALUES (1,1,1,2,5,'C','2026-06-28 13:10:16'),
(2,1,2,2,10,'A,B,D','2026-06-28 13:10:16'),
(3,1,3,2,0,'正确','2026-06-28 13:10:16'),
(4,3,7,2,5,'B','2026-06-28 13:10:16'),
(5,3,8,2,5,'过渡','2026-06-28 13:10:16'),
(6,3,8,24,0,'1','2026-07-02 15:18:55'),
(7,4,11,24,0,'B. 图片B','2026-07-02 15:56:06'),
(8,6,14,2,10,'C','2026-07-02 17:44:26'),
(9,6,15,2,10,'List','2026-07-02 17:44:26'),
(10,6,14,2,10,'C','2026-07-03 09:00:46'),
(11,6,15,2,10,'List','2026-07-03 09:00:46'),
(12,6,14,24,0,'B. HashMap','2026-07-03 10:14:18'),
(13,6,15,24,0,'1','2026-07-03 10:14:18'),
(14,5,12,24,0,'B.apple','2026-07-03 14:26:24'),
(15,1,1,24,0,'C. Vector','2026-07-03 14:36:16'),
(16,1,2,24,0,'1','2026-07-03 14:36:16'),
(17,1,3,24,0,'1','2026-07-03 14:36:16'),
(18,7,17,24,0,'','2026-07-03 14:52:27'),
(19,7,18,24,30,'goes','2026-07-03 14:52:27'),
(24,8,20,24,10,'C','2026-07-03 16:59:43'),
(25,8,21,24,10,'A,B,D','2026-07-03 16:59:43'),
(26,16,51,35,0,'2','2026-07-04 15:17:15'),
(27,13,40,24,10,'B','2026-07-04 15:27:55'),
(28,13,41,24,15,'A,C','2026-07-04 15:27:55'),
(29,13,42,24,10,'9','2026-07-04 15:27:55'),
(30,13,40,35,0,'B. x = 5','2026-07-04 15:35:06'),
(31,13,41,35,0,'A. 2x + 3 = 7,C. 3y - 5 = 10','2026-07-04 15:35:06'),
(32,13,42,35,10,'9','2026-07-04 15:35:06'),
(33,14,44,35,0,'A. x=7, y=3','2026-07-04 16:19:55'),
(34,14,45,35,10,'3,3','2026-07-04 16:19:55'),
(35,16,51,24,0,'2','2026-07-04 16:35:35'),
(36,14,44,24,10,'A','2026-07-06 11:53:12'),
(37,14,45,24,0,'x=3，y=3','2026-07-06 11:53:12'),
(38,14,44,24,10,'A','2026-07-06 11:53:17'),
(39,14,45,24,0,'x=3，y=3','2026-07-06 11:53:17');
 
INSERT INTO `points_record` (`id`, `user_id`, `change_type`, `change_points`, `left_points`, `source_type`, `change_time`) VALUES (1,2,1,10,50,1,'2026-06-28 13:10:16'),
(2,2,1,5,55,2,'2026-06-28 13:10:16'),
(3,2,2,20,35,5,'2026-06-28 13:10:16'),
(4,3,1,10,30,1,'2026-06-28 13:10:16'),
(5,3,1,15,45,3,'2026-06-28 13:10:16'),
(6,2,2,15,20,5,'2026-06-29 11:17:07'),
(7,24,1,99999,99999,1,'2026-07-02 10:14:48'),
(8,24,1,5,100004,1,'2026-07-02 17:03:48'),
(9,24,1,5,100009,2,'2026-07-02 17:26:33'),
(10,24,2,5,100004,5,'2026-07-03 15:25:01'),
(11,24,2,5,99999,5,'2026-07-03 16:15:41'),
(12,24,2,5,99994,5,'2026-07-03 16:15:49'),
(13,24,2,5,99989,5,'2026-07-03 16:15:50'),
(14,24,2,5,99984,5,'2026-07-03 16:15:51'),
(15,24,2,5,99979,5,'2026-07-03 16:15:52'),
(16,24,2,5,99974,5,'2026-07-03 16:15:52'),
(17,24,2,5,99969,5,'2026-07-03 16:15:56'),
(18,24,2,5,99964,5,'2026-07-03 16:15:56'),
(20,24,2,10,99954,5,'2026-07-03 16:16:04'),
(21,24,2,10,99944,5,'2026-07-03 16:16:05'),
(22,24,2,10,99934,5,'2026-07-03 16:16:06'),
(23,24,2,10,99924,5,'2026-07-03 16:16:06'),
(24,24,2,10,99914,5,'2026-07-03 16:16:09'),
(25,24,2,10,99904,5,'2026-07-03 16:16:09'),
(27,24,2,8,99896,5,'2026-07-03 16:16:33'),
(28,24,2,8,99888,5,'2026-07-03 16:16:34'),
(29,24,2,8,99880,5,'2026-07-03 16:16:35'),
(30,24,2,8,99872,5,'2026-07-03 16:16:36'),
(31,24,2,8,99864,5,'2026-07-03 16:16:36'),
(32,24,2,8,99856,5,'2026-07-03 16:16:37'),
(33,24,2,8,99848,5,'2026-07-03 16:16:38'),
(34,24,2,8,99840,5,'2026-07-03 16:16:38'),
(35,24,2,8,99832,5,'2026-07-03 16:16:39'),
(36,24,2,8,99824,5,'2026-07-03 16:16:40'),
(37,24,2,50,99774,5,'2026-07-03 16:18:49'),
(38,24,2,5,99769,5,'2026-07-03 16:21:00'),
(39,24,2,5,99764,5,'2026-07-03 16:21:00'),
(40,24,2,5,99759,5,'2026-07-03 16:21:01'),
(41,24,2,5,99754,5,'2026-07-03 16:21:01'),
(42,24,2,5,99749,5,'2026-07-03 16:21:01'),
(43,24,2,5,99744,5,'2026-07-03 16:21:01'),
(44,24,2,5,99739,5,'2026-07-03 16:21:01'),
(45,24,2,5,99734,5,'2026-07-03 16:21:02'),
(46,24,2,10,99724,5,'2026-07-03 16:21:03'),
(47,24,2,10,99714,5,'2026-07-03 16:21:03'),
(48,24,2,10,99704,5,'2026-07-03 16:21:03'),
(49,24,2,10,99694,5,'2026-07-03 16:21:04'),
(50,24,2,10,99684,5,'2026-07-03 16:21:04'),
(51,24,2,10,99674,5,'2026-07-03 16:21:04'),
(53,24,2,8,99666,5,'2026-07-03 16:21:05'),
(54,24,2,8,99658,5,'2026-07-03 16:21:05'),
(55,24,2,8,99650,5,'2026-07-03 16:21:05'),
(56,24,2,8,99642,5,'2026-07-03 16:21:06'),
(57,24,2,8,99634,5,'2026-07-03 16:21:06'),
(58,24,2,8,99626,5,'2026-07-03 16:21:06'),
(59,24,2,8,99618,5,'2026-07-03 16:21:06'),
(60,24,2,8,99610,5,'2026-07-03 16:21:06'),
(61,24,2,8,99602,5,'2026-07-03 16:21:07'),
(62,24,2,8,99594,5,'2026-07-03 16:21:07'),
(63,24,2,50,99544,5,'2026-07-03 16:21:30'),
(64,24,2,5,99539,5,'2026-07-03 16:39:11'),
(65,24,2,10,99529,5,'2026-07-03 16:39:15'),
(66,24,2,5,99524,5,'2026-07-03 16:39:40'),
(67,24,2,5,99519,5,'2026-07-03 16:39:41'),
(68,24,2,5,99514,5,'2026-07-03 16:39:41'),
(69,24,2,5,99509,5,'2026-07-03 16:39:41'),
(70,24,2,5,99504,5,'2026-07-03 16:39:41'),
(71,24,2,5,99499,5,'2026-07-03 16:39:41'),
(72,24,2,5,99494,5,'2026-07-03 16:39:42'),
(73,24,2,5,99489,5,'2026-07-03 16:39:42'),
(74,24,2,5,99484,5,'2026-07-03 16:39:42'),
(75,24,2,10,99474,5,'2026-07-03 16:39:43'),
(76,24,2,10,99464,5,'2026-07-03 16:39:43'),
(77,24,2,10,99454,5,'2026-07-03 16:39:44'),
(78,24,2,10,99444,5,'2026-07-03 16:39:44'),
(79,24,2,10,99434,5,'2026-07-03 16:39:44'),
(80,24,2,10,99424,5,'2026-07-03 16:39:44'),
(82,24,2,8,99416,5,'2026-07-03 16:39:45'),
(83,24,2,8,99408,5,'2026-07-03 16:39:46'),
(84,24,2,8,99400,5,'2026-07-03 16:39:46'),
(85,24,2,8,99392,5,'2026-07-03 16:39:46'),
(86,24,2,8,99384,5,'2026-07-03 16:39:46'),
(87,24,2,8,99376,5,'2026-07-03 16:39:46'),
(88,24,2,8,99368,5,'2026-07-03 16:39:47'),
(89,24,2,8,99360,5,'2026-07-03 16:39:47'),
(90,24,2,8,99352,5,'2026-07-03 16:39:48'),
(91,24,2,30,99322,5,'2026-07-03 16:40:17'),
(92,24,2,5,99317,5,'2026-07-03 16:40:41'),
(93,24,2,5,99312,5,'2026-07-03 16:40:41'),
(94,24,2,5,99307,5,'2026-07-03 16:40:41'),
(95,24,2,5,99302,5,'2026-07-03 16:40:42'),
(96,24,2,10,99292,5,'2026-07-03 16:40:42'),
(97,24,2,10,99282,5,'2026-07-03 16:40:42'),
(98,24,2,10,99272,5,'2026-07-03 16:40:43'),
(99,24,2,10,99262,5,'2026-07-03 16:40:43'),
(100,24,2,10,99252,5,'2026-07-03 16:40:43'),
(102,24,2,8,99244,5,'2026-07-03 16:40:44'),
(103,24,2,8,99236,5,'2026-07-03 16:40:44'),
(104,24,2,8,99228,5,'2026-07-03 16:40:45'),
(105,24,2,8,99220,5,'2026-07-03 16:40:45'),
(106,24,2,8,99212,5,'2026-07-03 16:40:45'),
(107,24,2,8,99204,5,'2026-07-03 16:40:46'),
(108,24,2,80,99124,5,'2026-07-03 16:40:49'),
(109,24,2,10,99114,5,'2026-07-03 17:02:13'),
(110,24,2,5,99109,5,'2026-07-03 17:03:47'),
(111,24,2,5,99104,5,'2026-07-03 17:03:50'),
(112,24,2,10,99094,5,'2026-07-03 17:03:52'),
(113,24,2,8,99086,5,'2026-07-03 17:03:57'),
(114,35,1,99999,99999,4,'2026-07-03 17:36:44'),
(116,35,2,5,99994,5,'2026-07-03 17:45:58'),
(117,35,2,5,99989,5,'2026-07-03 17:45:59'),
(118,35,2,8,99981,5,'2026-07-03 17:46:06'),
(119,35,2,5,99976,5,'2026-07-03 17:51:18'),
(120,35,2,5,99971,5,'2026-07-03 17:51:22'),
(121,35,2,10,99961,5,'2026-07-03 17:51:27'),
(122,35,2,10,99951,5,'2026-07-03 17:51:29'),
(123,24,1,4,99090,4,'2026-07-03 17:54:05'),
(124,24,1,5,99095,1,'2026-07-04 09:25:42'),
(125,35,2,5,99946,5,'2026-07-04 09:42:49'),
(126,35,2,5,99941,5,'2026-07-04 09:42:59'),
(128,35,2,10,99931,5,'2026-07-04 09:43:04'),
(129,35,2,10,99921,5,'2026-07-04 09:43:09'),
(130,35,2,10,99911,5,'2026-07-04 09:43:10'),
(132,24,2,10,99085,5,'2026-07-04 09:45:03'),
(133,24,2,10,99075,5,'2026-07-04 09:45:04'),
(135,35,2,10,99901,5,'2026-07-04 09:56:39'),
(136,35,2,10,99891,5,'2026-07-04 09:56:43'),
(137,35,2,8,99883,5,'2026-07-04 09:56:46'),
(139,35,2,10,99873,5,'2026-07-04 10:00:31'),
(142,35,2,8,99865,5,'2026-07-04 10:14:17'),
(143,35,2,8,99857,5,'2026-07-04 10:14:24'),
(145,35,2,8,99849,5,'2026-07-04 10:20:06'),
(146,35,2,8,99841,5,'2026-07-04 10:20:09'),
(148,35,2,8,99833,5,'2026-07-04 10:24:56'),
(149,35,2,8,99825,5,'2026-07-04 10:25:03'),
(152,35,2,8,99817,5,'2026-07-04 10:29:19'),
(153,35,2,8,99809,5,'2026-07-04 10:29:21'),
(156,35,2,50,99759,5,'2026-07-04 10:37:30'),
(157,35,2,5,99754,5,'2026-07-04 10:37:35'),
(158,35,2,10,99744,5,'2026-07-04 10:37:43'),
(159,35,2,5,99739,5,'2026-07-04 11:08:36'),
(160,35,2,5,99734,5,'2026-07-04 11:08:38'),
(161,35,2,5,99729,5,'2026-07-04 11:08:39'),
(162,35,2,5,99724,5,'2026-07-04 11:08:40'),
(163,35,2,5,99719,5,'2026-07-04 11:08:40'),
(164,35,2,5,99714,5,'2026-07-04 11:08:41'),
(168,35,2,10,99704,5,'2026-07-04 11:08:52'),
(169,35,2,10,99694,5,'2026-07-04 11:08:53'),
(170,35,2,10,99684,5,'2026-07-04 11:08:54'),
(171,35,2,10,99674,5,'2026-07-04 11:08:54'),
(172,35,2,10,99664,5,'2026-07-04 11:08:55'),
(173,35,2,10,99654,5,'2026-07-04 11:08:56'),
(174,35,2,10,99644,5,'2026-07-04 11:08:57'),
(175,35,2,10,99634,5,'2026-07-04 11:08:57'),
(176,35,2,10,99624,5,'2026-07-04 11:08:58'),
(179,35,2,8,99616,5,'2026-07-04 11:09:13'),
(180,35,2,8,99608,5,'2026-07-04 11:09:14'),
(181,35,2,8,99600,5,'2026-07-04 11:09:14'),
(182,35,2,8,99592,5,'2026-07-04 11:09:15'),
(186,35,2,8,99584,5,'2026-07-04 11:44:39'),
(187,35,2,8,99576,5,'2026-07-04 11:44:40'),
(188,35,2,8,99568,5,'2026-07-04 11:44:41'),
(189,35,2,8,99560,5,'2026-07-04 11:44:42'),
(190,35,2,8,99552,5,'2026-07-04 11:44:43'),
(194,35,2,30,99522,5,'2026-07-04 11:45:05'),
(195,35,2,5,99517,5,'2026-07-04 11:46:55'),
(196,35,2,5,99512,5,'2026-07-04 11:46:57'),
(197,35,2,5,99507,5,'2026-07-04 11:46:58'),
(198,35,2,5,99502,5,'2026-07-04 11:46:58'),
(199,35,2,5,99497,5,'2026-07-04 11:46:59'),
(203,35,2,10,99487,5,'2026-07-04 11:52:27'),
(204,35,2,10,99477,5,'2026-07-04 11:52:28'),
(205,35,2,10,99467,5,'2026-07-04 11:52:29'),
(206,35,2,10,99457,5,'2026-07-04 11:52:31'),
(207,35,2,8,99449,5,'2026-07-04 11:52:35'),
(208,35,2,8,99441,5,'2026-07-04 11:52:36'),
(209,35,2,8,99433,5,'2026-07-04 11:52:37'),
(210,35,2,8,99425,5,'2026-07-04 11:52:39'),
(211,35,2,8,99417,5,'2026-07-04 11:52:40'),
(212,35,2,8,99409,5,'2026-07-04 11:52:41'),
(213,35,2,80,99329,5,'2026-07-04 11:52:47'),
(214,2,1,5,25,6,'2026-07-04 14:44:25'),
(215,24,1,5,99080,2,'2026-07-04 15:31:10'),
(216,35,2,5,99324,5,'2026-07-04 15:56:41'),
(217,35,2,5,99319,5,'2026-07-04 15:56:42'),
(218,24,1,5,99085,1,'2026-07-06 10:54:33'),
(219,35,1,5,99324,1,'2026-07-06 10:54:38'),
(220,35,1,5,99329,2,'2026-07-06 11:10:51'),
(221,24,1,5,99090,2,'2026-07-06 11:11:02');
 
INSERT INTO `question` (`id`, `assignment_id`, `type`, `stem`, `answer`, `explanation`, `perscore`, `sort_order`, `options`, `image_url`) VALUES (1,1,1,'下列哪个单词是可数名词？','C','apple（苹果）是可数名词，可以说 an apple',5,1,'[\"A. ArrayList\", \"B. HashMap\", \"C. Vector\", \"D. LinkedList\"]','http://qingyun11.oss-cn-shanghai.aliyuncs.com/course_cover/66839014c8264566977ed91e5eb2d98c.png?Expires=1785651757&OSSAccessKeyId=LTAI5t9abqoGX3FgfsGCqx4D&Signature=mcMeTXp5gxJAsKytq0pS4Cfl1M0%3D'),
(2,1,2,'以下哪些是不可数名词？','A,B,D','water/rice/milk 都是不可数名词',10,2,'[\"A. ArrayList\", \"B. HashMap\", \"C. Vector\", \"D. LinkedList\"]',NULL),
(3,1,3,'不定冠词 \"an\" 用于以元音音素开头的单词前。','正确','an apple, an hour（h不发音）',5,3,NULL,NULL),
(4,1,5,'请写出5个不可数名词，并用每个词造一个简单的英文句子。','略（主观题）',NULL,20,4,NULL,NULL),
(5,2,1,'\"He _____ to school every day.\" 应该填什么？','C','He 是第三人称单数，动词要用 goes',10,1,NULL,NULL),
(6,2,5,'请用一般现在时写一段话介绍你的日常生活（至少5句话）。',NULL,NULL,30,2,NULL,NULL),
(8,3,4,'英语写作中，段落之间用来连接思路的词叫做______词。','过渡','过渡词（transition words）如 however, therefore',5,1,NULL,NULL),
(9,3,5,'请以\"My Favorite Season\"为题，写一篇80词左右的短文。',NULL,NULL,20,3,NULL,NULL),
(10,4,5,'来吧<br><img src=\'https://qingyun11.oss-cn-shanghai.aliyuncs.com/avatar/xxx.png\' style=\'max-width:400px\'/>',NULL,NULL,100,1,NULL,NULL),
(11,4,1,'测试选择','A',NULL,100,1,'[\"A. 图片A\", \"B. 图片B\", \"C. 图片C\", \"D. 图片D\"]','https://qingyun11.oss-cn-shanghai.aliyuncs.com/avatar/116c5962c867456dad59278d4e713708.png?Expires=1782977514&OSSAccessKeyId=TMP.3Kwtsg2qUiKuFUWKzQwzmKGFii6cicbj6rWiT66ZKUyfad2MLwFuRJohHC6ridKDny5vmRxyAnWMxobCud73QDXwQrPYDR&Signature=4oEAiOAX8ACLaHcshr%2BuG5kAMnc%3D'),
(12,5,1,'下列哪个单词是可数名词？','B','apple是可数名词',5,1,'[\"water\", \"apple\", \"rice\", \"milk\"]','http://qingyun11.oss-cn-shanghai.aliyuncs.com/course_cover/66839014c8264566977ed91e5eb2d98c.png?Expires=1785651757&OSSAccessKeyId=LTAI5t9abqoGX3FgfsGCqx4D&Signature=mcMeTXp5gxJAsKytq0pS4Cfl1M0%3D'),
(13,5,5,'请写出5个不可数名词并造句。',NULL,NULL,20,2,NULL,NULL),
(14,6,1,'以下哪个集合是线程安全的？','C','Vector 是线程安全的集合类',10,1,'[\"A. ArrayList\", \"B. HashMap\", \"C. Vector\", \"D. LinkedList\"]','http://qingyun11.oss-cn-shanghai.aliyuncs.com/course_cover/66839014c8264566977ed91e5eb2d98c.png?Expires=1785651757&OSSAccessKeyId=LTAI5t9abqoGX3FgfsGCqx4D&Signature=mcMeTXp5gxJAsKytq0pS4Cfl1M0%3D'),
(15,6,4,'Java中，______ 接口用于定义有序且允许重复元素的集合。','List','List 接口是有序且允许重复元素的集合',10,2,NULL,NULL),
(16,6,5,'请简述 ArrayList 和 LinkedList 的区别。',NULL,NULL,20,3,NULL,NULL),
(17,7,1,'下列哪个单词是可数名词？','C','apple（苹果）是可数名词，可以说 an apple',20,1,'[\"A. ArrayList\", \"B. HashMap\", \"C. Vector\", \"D. LinkedList\"]',NULL),
(18,7,4,'\"He _____ to school every day.\" 应该填什么？','goes','He 是第三人称单数，动词要用 goes',30,2,NULL,NULL),
(19,7,5,'请以\"My Favorite Season\"为题，写一篇80词左右的短文。',NULL,NULL,10,3,NULL,NULL),
(20,8,1,'以下哪个集合是线程安全的？','C','Vector 是线程安全的集合类',10,1,'[\"A. ArrayList\", \"B. HashMap\", \"C. Vector\", \"D. LinkedList\"]',NULL),
(21,8,2,'以下哪些是不可数名词？','A,B,D','water/rice/milk 都是不可数名词',10,2,'[\"A.water\", \"B.apple\", \"C.rice\", \"D.milk\"]',NULL),
(23,9,1,'以下哪个是Java中正确的main方法声明？','A','main方法必须是 public static void，参数为 String[] args',10,1,'[\"A. public static void main(String[] args)\", \"B. public void main(String[] args)\", \"C. static public void main(String[] args)\", \"D. public static void Main(String[] args)\"]',NULL),
(24,9,2,'以下哪些是Java中的访问修饰符？','A,B,C','访问修饰符包括 public、private、protected，static 是关键字但不是访问修饰符',15,2,'[\"A. public\", \"B. private\", \"C. protected\", \"D. static\"]',NULL),
(25,9,3,'Java中的接口可以包含具体实现的方法。','错误','Java 8之前接口只能包含抽象方法，Java 8后可以包含 default 和 static 方法',5,3,NULL,NULL),
(26,9,4,'Java中，______ 关键字用于创建类的实例对象。','new','new 关键字用于创建对象实例，如：new ArrayList<>()',10,4,NULL,NULL),
(27,9,5,'请简述Java中抽象类和接口的区别，并分别说明各自的使用场景。',NULL,NULL,20,5,NULL,NULL),
(28,10,1,'《论语》中\"学而时习之，不亦说乎\"中的\"说\"字意思是（ ）','C','\"说\"通\"悦\"，表示愉快、高兴的意思',10,1,'[\"A. 说话\", \"B. 解释\", \"C. 同\'悦\'，愉快\", \"D. 说明\"]',NULL),
(29,10,2,'以下哪些是儒家经典著作？','A,C,D','《论语》《孟子》《大学》是儒家经典，《道德经》是道家经典',15,2,'[\"A. 《论语》\", \"B. 《道德经》\", \"C. 《孟子》\", \"D. 《大学》\"]',NULL),
(30,10,4,'《诗经》分为风、雅、______三部分。','颂','《诗经》由风（民歌）、雅（宫廷乐歌）、颂（祭祀乐歌）三部分组成',10,3,'[]',NULL),
(31,10,5,'请结合《论语》中的内容，谈谈你对\"君子和而不同\"的理解，并联系现实生活举例说明。',NULL,NULL,20,4,'[]',NULL),
(32,11,1,'李白的《静夜思》中\"举头望明月，低头思故乡\"表达的情感是（ ）','B','诗人通过望月表达了对故乡的思念之情',10,1,'[\"A. 爱国之情\", \"B. 思乡之情\", \"C. 怀才不遇\", \"D. 壮志未酬\"]',NULL),
(33,11,2,'以下哪些是唐宋时期的著名诗人？','A,B,C','李白、杜甫是唐代诗人，苏轼是宋代诗人，屈原是战国时期诗人',15,2,'[\"A. 李白\", \"B. 杜甫\", \"C. 苏轼\", \"D. 屈原\"]',NULL),
(34,11,4,'杜甫《春望》中\"感时花溅泪，______\"的下句是______。','恨别鸟惊心','诗人移情于景，感慨时事，见花落泪，闻鸟惊心',10,3,'[]',NULL),
(35,11,5,'请赏析王维的《山居秋暝》，分析诗中\"空山新雨后，天气晚来秋\"所营造的意境。',NULL,NULL,20,4,'[]',NULL),
(36,12,1,'\"先天下之忧而忧，后天下之乐而乐\"出自范仲淹的哪篇文章？（ ）','A','这句话出自范仲淹的《岳阳楼记》，表达了作者以天下为己任的情怀',10,1,'[\"A. 《岳阳楼记》\", \"B. 《醉翁亭记》\", \"C. 《滕王阁序》\", \"D. 《阿房宫赋》\"]',NULL),
(37,12,2,'以下哪些是中华传统文化的核心思想？','A,B,C','仁爱、中庸、和合是中华传统文化的核心思想，科学是近现代西方传入的',15,2,'[\"A. 仁爱\", \"B. 中庸\", \"C. 和合\", \"D. 科学\"]',NULL),
(38,12,4,'中国古代四大发明是指造纸术、指南针、火药和______。','活字印刷术','四大发明：造纸术、指南针、火药、活字印刷术',10,3,'[]',NULL),
(39,12,5,'请结合《大学》中\"修身齐家治国平天下\"的思想，谈谈你对个人修养与社会责任关系的理解。',NULL,NULL,20,4,'[]',NULL),
(40,13,1,'方程 3x + 5 = 20 的解是（ ）','B','3x = 15，x = 5',10,1,'[\"A. x = 3\", \"B. x = 5\", \"C. x = 8\", \"D. x = 10\"]',NULL),
(41,13,2,'以下哪些是一元一次方程？','A,C','一元一次方程只含一个未知数且次数为1，B是二次方程，D是分式方程',15,2,'[\"A. 2x + 3 = 7\", \"B. x² + 1 = 0\", \"C. 3y - 5 = 10\", \"D. 1/x = 2\"]',NULL),
(42,13,4,'解方程：2(x - 3) + 5 = 17，x = ______','9','2x - 6 + 5 = 17，2x - 1 = 17，2x = 18，x = 9',10,3,'[]',NULL),
(43,13,5,'请列方程求解：小明有若干元钱，买了一个书包花了45元，还剩27元。请问小明原来有多少钱？',NULL,NULL,15,4,'[]',NULL),
(44,14,1,'方程组 { x + y = 10, x - y = 4 } 的解是（ ）','A','两式相加得 2x=14，x=7，代入得 y=3',10,1,'[\"A. x=7, y=3\", \"B. x=6, y=4\", \"C. x=8, y=2\", \"D. x=5, y=5\"]',NULL),
(45,14,4,'用代入法解方程组 { 2x + y = 9, y = 2x - 3 }，解得 x = ______，y = ______','3,3','代入得 2x + (2x-3) = 9，4x - 3 = 9，4x = 12，x = 3，y = 3',10,2,'[]',NULL),
(46,14,5,'请用加减消元法解方程组：{ 3x + 2y = 12, 5x - 2y = 4 }，并写出完整解题过程。',NULL,NULL,20,3,'[]',NULL),
(47,15,1,'方程 x² - 5x + 6 = 0 的两个根分别是（ ）','A','(x-2)(x-3) = 0，x = 2 或 x = 3',10,1,'[\"A. 2和3\", \"B. -2和-3\", \"C. 1和6\", \"D. -1和-6\"]',NULL),
(48,15,2,'以下哪些是一元二次方程的解法？','A,B,C','公式法、配方法、因式分解法都是一元二次方程的常用解法，代入法是解方程组的',15,2,'[\"A. 公式法\", \"B. 配方法\", \"C. 因式分解法\", \"D. 代入法\"]',NULL),
(49,15,4,'用公式法解方程 x² - 4x + 1 = 0，x = ______（结果保留根号）','2±√3','a=1，b=-4，c=1，Δ = 16-4 = 12，x = (4±2√3)/2 = 2±√3',10,3,'[]',NULL),
(50,15,5,'请分别用因式分解法和公式法解方程 x² - 6x + 8 = 0，并比较两种方法的优缺点。',NULL,NULL,20,4,'[]',NULL),
(51,16,1,'1+1=?','B',NULL,10,1,'[\"1\", \"2\", \"3\", \"4\"]',NULL);
 
INSERT INTO `recommendation` (`id`, `user_id`, `assignment_id`, `questions`, `status`, `created_at`) VALUES (1,24,14,'[{\"stem\": \"用代入法解方程组 { 3x - y = 5, y = x + 1 }，则 x 的值是（ ）\", \"type\": 1, \"answer\": \"B\", \"options\": [\"A. 2\", \"B. 3\", \"C. 4\", \"D. 5\"], \"explanation\": \"将 y = x + 1 代入 3x - y = 5，得 3x - (x + 1) = 5，即 2x - 1 = 5，2x = 6，x = 3。\", \"knowledgePoint\": \"代入法解二元一次方程组\"}, {\"stem\": \"用代入法解方程组 { 2x + 3y = 8, x = 2y - 3 }，则 y 的值为 ______。\", \"type\": 2, \"answer\": \"2\", \"options\": [], \"explanation\": \"将 x = 2y - 3 代入 2x + 3y = 8，得 2(2y - 3) + 3y = 8，即 4y - 6 + 3y = 8，7y = 14，y = 2。\", \"knowledgePoint\": \"代入法解二元一次方程组\"}, {\"stem\": \"用代入法解方程组 { 4x + y = 15, y = 3x - 2 }，写出完整的解题过程。\", \"type\": 3, \"answer\": \"x = 17/7，y = 37/7\", \"options\": [], \"explanation\": \"将 y = 3x - 2 代入 4x + y = 15，得 4x + (3x - 2) = 15，即 7x - 2 = 15，7x = 17，x = 17/7。再代入 y = 3x - 2，得 y = 3 × 17/7 - 2 = 51/7 - 14/7 = 37/7。\", \"knowledgePoint\": \"代入法解二元一次方程组\"}]',0,NULL),
(2,24,14,'[{\"stem\": \"用代入法解方程组：{ 3x - y = 5, y = 2x + 1 }，则 x 的值为（ ）\", \"type\": 1, \"answer\": \"A\", \"options\": [\"A. 6\", \"B. 4\", \"C. -6\", \"D. -4\"], \"explanation\": \"将 y = 2x + 1 代入 3x - y = 5，得 3x - (2x + 1) = 5，即 3x - 2x - 1 = 5，x - 1 = 5，解得 x = 6。\", \"knowledgePoint\": \"代入法解二元一次方程组\"}, {\"stem\": \"用代入法解方程组：{ x + 2y = 7, y = 3x - 1 }，则 x = ______，y = ______。\", \"type\": 2, \"answer\": \"x = 1, y = 2\", \"options\": [], \"explanation\": \"将 y = 3x - 1 代入 x + 2y = 7，得 x + 2(3x - 1) = 7，即 x + 6x - 2 = 7，7x = 9，解得 x = 1；代入 y = 3×1 - 1 = 2。\", \"knowledgePoint\": \"代入法解二元一次方程组\"}, {\"stem\": \"解方程组：{ 4x + y = 11, y = 2x - 1 }，并写出解方程的过程。\", \"type\": 3, \"answer\": \"x = 2, y = 3\", \"options\": [], \"explanation\": \"将 y = 2x - 1 代入 4x + y = 11，得 4x + (2x - 1) = 11，即 6x - 1 = 11，6x = 12，解得 x = 2；代入 y = 2×2 - 1 = 3。\", \"knowledgePoint\": \"代入法解二元一次方程组\"}]',0,NULL);
 
INSERT INTO `seed` (`id`, `variety`, `description`, `image`, `stage0_image`, `stage1_image`, `stage2_image`, `stage3_image`, `price`, `sunlight_max`, `water_max`, `nutrient_max`, `is_deleted`, `created_at`) VALUES (1,'向日葵','向阳而生，充满活力的花朵','http://qingyun11.oss-cn-shanghai.aliyuncs.com/flower/0572701e683543f68b4dd0a334050e42.png?Expires=1785654304&OSSAccessKeyId=LTAI5t9abqoGX3FgfsGCqx4D&Signature=CS94GtSt%2Fh72xd4AW58Z3vNgMKs%3D','http://qingyun11.oss-cn-shanghai.aliyuncs.com/flower/d5132b1e86404e0eb394245bc0eff884.png?Expires=1785654917&OSSAccessKeyId=LTAI5t9abqoGX3FgfsGCqx4D&Signature=08bVcfjl12s5jZ%2FytskCZoMrcSY%3D','http://qingyun11.oss-cn-shanghai.aliyuncs.com/flower/1f6cc9e2280c451b8f18c8b34444fb3a.png?Expires=1785655002&OSSAccessKeyId=LTAI5t9abqoGX3FgfsGCqx4D&Signature=F40%2FdpjB%2BbCmmm%2FO2FF1FNCADyU%3D','http://qingyun11.oss-cn-shanghai.aliyuncs.com/flower/b64376a0fb304ff29d802a03b11f0702.png?Expires=1785655037&OSSAccessKeyId=LTAI5t9abqoGX3FgfsGCqx4D&Signature=qRDqjLQ0B5DbWvkeorvEuSqE9hE%3D','http://qingyun11.oss-cn-shanghai.aliyuncs.com/flower/0572701e683543f68b4dd0a334050e42.png?Expires=1785654304&OSSAccessKeyId=LTAI5t9abqoGX3FgfsGCqx4D&Signature=CS94GtSt%2Fh72xd4AW58Z3vNgMKs%3D',0,100,80,60,0,'2026-06-29 18:29:18'),
(2,'玫瑰','热情似火，经典浪漫之选','http://qingyun11.oss-cn-shanghai.aliyuncs.com/flower/04130dbbcdf44e068a9b42ac752cec87.png?Expires=1785659289&OSSAccessKeyId=LTAI5t9abqoGX3FgfsGCqx4D&Signature=bCsnYUUC%2B%2F0XpETsctHCmO55y3k%3D','http://qingyun11.oss-cn-shanghai.aliyuncs.com/flower/d5132b1e86404e0eb394245bc0eff884.png?Expires=1785654917&OSSAccessKeyId=LTAI5t9abqoGX3FgfsGCqx4D&Signature=08bVcfjl12s5jZ%2FytskCZoMrcSY%3D','http://qingyun11.oss-cn-shanghai.aliyuncs.com/flower/1f6cc9e2280c451b8f18c8b34444fb3a.png?Expires=1785655002&OSSAccessKeyId=LTAI5t9abqoGX3FgfsGCqx4D&Signature=F40%2FdpjB%2BbCmmm%2FO2FF1FNCADyU%3D','http://qingyun11.oss-cn-shanghai.aliyuncs.com/flower/b64376a0fb304ff29d802a03b11f0702.png?Expires=1785655037&OSSAccessKeyId=LTAI5t9abqoGX3FgfsGCqx4D&Signature=qRDqjLQ0B5DbWvkeorvEuSqE9hE%3D','http://qingyun11.oss-cn-shanghai.aliyuncs.com/flower/04130dbbcdf44e068a9b42ac752cec87.png?Expires=1785659289&OSSAccessKeyId=LTAI5t9abqoGX3FgfsGCqx4D&Signature=bCsnYUUC%2B%2F0XpETsctHCmO55y3k%3D',50,90,100,70,0,'2026-06-29 18:29:18'),
(3,'仙人掌','坚韧不拔，耐旱易养','http://qingyun11.oss-cn-shanghai.aliyuncs.com/flower/3d301eda130c4e8a91db1f2cc481c9c5.png?Expires=1785659329&OSSAccessKeyId=LTAI5t9abqoGX3FgfsGCqx4D&Signature=2ZPSNBDWAV5ZUupyMYMPZQVQiw4%3D','http://qingyun11.oss-cn-shanghai.aliyuncs.com/flower/d5132b1e86404e0eb394245bc0eff884.png?Expires=1785654917&OSSAccessKeyId=LTAI5t9abqoGX3FgfsGCqx4D&Signature=08bVcfjl12s5jZ%2FytskCZoMrcSY%3D','http://qingyun11.oss-cn-shanghai.aliyuncs.com/flower/1f6cc9e2280c451b8f18c8b34444fb3a.png?Expires=1785655002&OSSAccessKeyId=LTAI5t9abqoGX3FgfsGCqx4D&Signature=F40%2FdpjB%2BbCmmm%2FO2FF1FNCADyU%3D','http://qingyun11.oss-cn-shanghai.aliyuncs.com/flower/b64376a0fb304ff29d802a03b11f0702.png?Expires=1785655037&OSSAccessKeyId=LTAI5t9abqoGX3FgfsGCqx4D&Signature=qRDqjLQ0B5DbWvkeorvEuSqE9hE%3D','http://qingyun11.oss-cn-shanghai.aliyuncs.com/flower/3d301eda130c4e8a91db1f2cc481c9c5.png?Expires=1785659329&OSSAccessKeyId=LTAI5t9abqoGX3FgfsGCqx4D&Signature=2ZPSNBDWAV5ZUupyMYMPZQVQiw4%3D',30,60,40,50,0,'2026-06-29 18:29:18'),
(4,'樱花','刹那芳华，绚烂而短暂','http://qingyun11.oss-cn-shanghai.aliyuncs.com/flower/3673e4400dcf400a812a35f04770e51a.png?Expires=1785659363&OSSAccessKeyId=LTAI5t9abqoGX3FgfsGCqx4D&Signature=BjPY0Pw9vEAA40gAp3s9cYnc9Xg%3D','http://qingyun11.oss-cn-shanghai.aliyuncs.com/flower/d5132b1e86404e0eb394245bc0eff884.png?Expires=1785654917&OSSAccessKeyId=LTAI5t9abqoGX3FgfsGCqx4D&Signature=08bVcfjl12s5jZ%2FytskCZoMrcSY%3D','http://qingyun11.oss-cn-shanghai.aliyuncs.com/flower/1f6cc9e2280c451b8f18c8b34444fb3a.png?Expires=1785655002&OSSAccessKeyId=LTAI5t9abqoGX3FgfsGCqx4D&Signature=F40%2FdpjB%2BbCmmm%2FO2FF1FNCADyU%3D','http://qingyun11.oss-cn-shanghai.aliyuncs.com/flower/b64376a0fb304ff29d802a03b11f0702.png?Expires=1785655037&OSSAccessKeyId=LTAI5t9abqoGX3FgfsGCqx4D&Signature=qRDqjLQ0B5DbWvkeorvEuSqE9hE%3D','http://qingyun11.oss-cn-shanghai.aliyuncs.com/flower/3673e4400dcf400a812a35f04770e51a.png?Expires=1785659363&OSSAccessKeyId=LTAI5t9abqoGX3FgfsGCqx4D&Signature=BjPY0Pw9vEAA40gAp3s9cYnc9Xg%3D',80,80,90,100,0,'2026-06-29 18:29:18'),
(5,'郁金香','空谷幽兰','http://qingyun11.oss-cn-shanghai.aliyuncs.com/flower/90be0bdb9fcd4cec8f1e659e4ec863fa.png?Expires=1785659415&OSSAccessKeyId=LTAI5t9abqoGX3FgfsGCqx4D&Signature=%2Fq2dCefy1rSFBdznXyS3NdxdeC8%3D','http://qingyun11.oss-cn-shanghai.aliyuncs.com/flower/d5132b1e86404e0eb394245bc0eff884.png?Expires=1785654917&OSSAccessKeyId=LTAI5t9abqoGX3FgfsGCqx4D&Signature=08bVcfjl12s5jZ%2FytskCZoMrcSY%3D','http://qingyun11.oss-cn-shanghai.aliyuncs.com/flower/1f6cc9e2280c451b8f18c8b34444fb3a.png?Expires=1785655002&OSSAccessKeyId=LTAI5t9abqoGX3FgfsGCqx4D&Signature=F40%2FdpjB%2BbCmmm%2FO2FF1FNCADyU%3D','http://qingyun11.oss-cn-shanghai.aliyuncs.com/flower/b64376a0fb304ff29d802a03b11f0702.png?Expires=1785655037&OSSAccessKeyId=LTAI5t9abqoGX3FgfsGCqx4D&Signature=qRDqjLQ0B5DbWvkeorvEuSqE9hE%3D','http://qingyun11.oss-cn-shanghai.aliyuncs.com/flower/90be0bdb9fcd4cec8f1e659e4ec863fa.png?Expires=1785659415&OSSAccessKeyId=LTAI5t9abqoGX3FgfsGCqx4D&Signature=%2Fq2dCefy1rSFBdznXyS3NdxdeC8%3D',60,100,100,100,0,'2026-07-01 10:24:38'),
(10,'小雏菊','纯洁无瑕的爱','http://qingyun11.oss-cn-shanghai.aliyuncs.com/flower/654b4c695b914c5691c81e6d344b8faa.png?Expires=1785659473&OSSAccessKeyId=LTAI5t9abqoGX3FgfsGCqx4D&Signature=iBwD%2B9MU0DV2a8SMG0nn%2BZZYRGk%3D','http://qingyun11.oss-cn-shanghai.aliyuncs.com/flower/d5132b1e86404e0eb394245bc0eff884.png?Expires=1785654917&OSSAccessKeyId=LTAI5t9abqoGX3FgfsGCqx4D&Signature=08bVcfjl12s5jZ%2FytskCZoMrcSY%3D','http://qingyun11.oss-cn-shanghai.aliyuncs.com/flower/1f6cc9e2280c451b8f18c8b34444fb3a.png?Expires=1785655002&OSSAccessKeyId=LTAI5t9abqoGX3FgfsGCqx4D&Signature=F40%2FdpjB%2BbCmmm%2FO2FF1FNCADyU%3D','http://qingyun11.oss-cn-shanghai.aliyuncs.com/flower/b64376a0fb304ff29d802a03b11f0702.png?Expires=1785655037&OSSAccessKeyId=LTAI5t9abqoGX3FgfsGCqx4D&Signature=qRDqjLQ0B5DbWvkeorvEuSqE9hE%3D','http://qingyun11.oss-cn-shanghai.aliyuncs.com/flower/654b4c695b914c5691c81e6d344b8faa.png?Expires=1785659473&OSSAccessKeyId=LTAI5t9abqoGX3FgfsGCqx4D&Signature=iBwD%2B9MU0DV2a8SMG0nn%2BZZYRGk%3D',90,80,70,150,0,'2026-07-03 16:31:52'),
(11,'木槿','美丽永恒，坚韧不拔','http://qingyun11.oss-cn-shanghai.aliyuncs.com/flower/fc73cd3e32854b2188bc96c9157972c3.png?Expires=1785660673&OSSAccessKeyId=LTAI5t9abqoGX3FgfsGCqx4D&Signature=%2FdSvG7L66uou5EGxHGNxJxAMMhQ%3D','http://qingyun11.oss-cn-shanghai.aliyuncs.com/flower/d5132b1e86404e0eb394245bc0eff884.png?Expires=1785654917&OSSAccessKeyId=LTAI5t9abqoGX3FgfsGCqx4D&Signature=08bVcfjl12s5jZ%2FytskCZoMrcSY%3D','http://qingyun11.oss-cn-shanghai.aliyuncs.com/flower/1f6cc9e2280c451b8f18c8b34444fb3a.png?Expires=1785655002&OSSAccessKeyId=LTAI5t9abqoGX3FgfsGCqx4D&Signature=F40%2FdpjB%2BbCmmm%2FO2FF1FNCADyU%3D','http://qingyun11.oss-cn-shanghai.aliyuncs.com/flower/b64376a0fb304ff29d802a03b11f0702.png?Expires=1785655037&OSSAccessKeyId=LTAI5t9abqoGX3FgfsGCqx4D&Signature=qRDqjLQ0B5DbWvkeorvEuSqE9hE%3D','http://qingyun11.oss-cn-shanghai.aliyuncs.com/flower/fc73cd3e32854b2188bc96c9157972c3.png?Expires=1785660673&OSSAccessKeyId=LTAI5t9abqoGX3FgfsGCqx4D&Signature=%2FdSvG7L66uou5EGxHGNxJxAMMhQ%3D',110,90,70,110,0,'2026-07-03 16:52:13'),
(12,'金盏花','暖阳凝瓣，温柔绵长','http://qingyun11.oss-cn-shanghai.aliyuncs.com/flower/ad23a7abd42542bba88abdaa0be39340.png?Expires=1785660763&OSSAccessKeyId=LTAI5t9abqoGX3FgfsGCqx4D&Signature=qjxWnSiBAw4xlVsZDpa9FGgg7FM%3D','http://qingyun11.oss-cn-shanghai.aliyuncs.com/flower/d5132b1e86404e0eb394245bc0eff884.png?Expires=1785654917&OSSAccessKeyId=LTAI5t9abqoGX3FgfsGCqx4D&Signature=08bVcfjl12s5jZ%2FytskCZoMrcSY%3D','http://qingyun11.oss-cn-shanghai.aliyuncs.com/flower/1f6cc9e2280c451b8f18c8b34444fb3a.png?Expires=1785655002&OSSAccessKeyId=LTAI5t9abqoGX3FgfsGCqx4D&Signature=F40%2FdpjB%2BbCmmm%2FO2FF1FNCADyU%3D','http://qingyun11.oss-cn-shanghai.aliyuncs.com/flower/b64376a0fb304ff29d802a03b11f0702.png?Expires=1785655037&OSSAccessKeyId=LTAI5t9abqoGX3FgfsGCqx4D&Signature=qRDqjLQ0B5DbWvkeorvEuSqE9hE%3D','http://qingyun11.oss-cn-shanghai.aliyuncs.com/flower/ad23a7abd42542bba88abdaa0be39340.png?Expires=1785660763&OSSAccessKeyId=LTAI5t9abqoGX3FgfsGCqx4D&Signature=qjxWnSiBAw4xlVsZDpa9FGgg7FM%3D',130,100,110,80,0,'2026-07-03 16:53:48');
 
INSERT INTO `sensitive_word` (`id`, `word`, `created_at`, `updated_at`) VALUES (1,'垃圾','2026-07-02 10:13:36','2026-07-02 10:13:36'),
(2,'笨蛋','2026-07-02 10:13:36','2026-07-02 10:13:36'),
(3,'傻瓜','2026-07-02 10:13:36','2026-07-02 10:13:36'),
(4,'滚','2026-07-02 10:13:36','2026-07-02 10:13:36'),
(5,'fuck','2026-07-04 11:47:19','2026-07-04 11:47:21'),
(8,'蠢','2026-07-04 11:47:22','2026-07-04 11:47:23'),
(10,'脏话','2026-07-04 11:47:26','2026-07-04 11:47:28');
 
INSERT INTO `shop_item` (`id`, `item_name`, `icon`, `price`, `attribute_type`, `boost_value`, `created_at`) VALUES (1,'有机肥料','https://example.com/fertilizer.png',5,3,10,'2026-07-01 15:18:34'),
(2,'纯净水','https://example.com/potion.png',10,2,10,'2026-07-01 15:18:34'),
(3,'阳光精华','https://example.com/seed.png',8,1,10,'2026-07-01 15:18:34');
 
INSERT INTO `student_analysis` (`id`, `user_id`, `total_study_duration`, `assignment_correct_rate`, `week_study_duration`, `updated_at`) VALUES (1,24,2564,85.50,2656,'2026-07-03 17:54:05'),
(2,3,7200,70.00,1800,'2026-06-28 13:10:16'),
(3,23,13,0.00,13,'2026-07-02 15:56:20'),
(4,29,6,0.00,6,'2026-07-02 15:48:28'),
(5,35,11,0.00,11,'2026-07-04 16:08:14');
 
INSERT INTO `study_room` (`id`, `user_id`, `goal`, `mode`, `focus_mode`, `plan_time`, `start_time`, `end_time`, `total_time`, `created_at`) VALUES (1,2,'复习名词和冠词',1,0,NULL,'2026-07-01 08:00:00','2026-07-01 10:30:00',9000,'2026-06-28 13:10:16'),
(2,2,'背诵本周学过的单词',2,0,7200,'2026-07-02 19:00:00','2026-07-02 20:30:00',5400,'2026-06-28 13:10:16'),
(3,3,'预习下一节课内容',1,0,NULL,'2026-07-03 14:00:00','2026-07-03 16:00:00',7200,'2026-06-28 13:10:16'),
(4,2,'复习一般现在时',1,0,NULL,'2026-06-29 10:27:08','2026-06-29 10:44:16',1028,'2026-06-29 10:27:08'),
(5,1,NULL,1,0,NULL,'2026-06-29 10:28:55',NULL,NULL,'2026-06-29 10:28:55'),
(6,2,'背英语单词',2,1,3600,'2026-07-05 20:00:00','2026-07-05 20:15:00',900,'2026-06-30 10:33:28'),
(7,2,'复习冠词用法',1,0,NULL,'2026-07-04 09:00:00','2026-07-04 11:00:00',7200,'2026-06-30 10:33:28'),
(10,2,'完成英语作业',1,1,NULL,'2026-07-04 14:00:00','2026-07-04 14:15:00',900,'2026-06-30 10:33:28'),
(11,2,'完成英语作业',1,0,NULL,'2026-06-30 11:14:56','2026-06-30 11:15:37',40,'2026-06-30 11:14:56'),
(12,2,'完成英语作业',1,0,NULL,'2026-06-30 11:16:43','2026-06-30 11:16:59',15,'2026-06-30 11:16:43'),
(13,2,'完成英语作业',1,0,NULL,'2026-06-30 14:42:31',NULL,NULL,'2026-06-30 14:42:31'),
(14,23,'自习',1,0,NULL,'2026-07-02 11:31:06','2026-07-02 11:31:08',2,'2026-07-02 11:31:06'),
(15,24,'自习',1,0,NULL,'2026-07-02 14:12:35','2026-07-02 14:13:12',37,'2026-07-02 14:12:35'),
(16,24,'自习',1,0,NULL,'2026-07-02 14:13:22','2026-07-03 14:13:22',86400,'2026-07-02 14:13:22'),
(17,23,'自习',2,0,900,'2026-07-02 14:51:17','2026-07-02 15:56:17',3900,'2026-07-02 14:51:17'),
(18,23,'自习',2,1,1800,'2026-07-02 15:42:15','2026-07-02 15:42:19',3,'2026-07-02 15:42:15'),
(19,23,'自习',2,1,1800,'2026-07-02 15:42:22','2026-07-02 15:42:24',2,'2026-07-02 15:42:22'),
(20,23,'自习',2,1,7200,'2026-07-02 15:42:29','2026-07-02 15:42:30',1,'2026-07-02 15:42:29'),
(21,23,'自习',2,0,1800,'2026-07-02 15:42:35','2026-07-02 15:42:38',2,'2026-07-02 15:42:35'),
(22,29,'自习',1,0,NULL,'2026-07-02 15:48:22','2026-07-02 15:48:28',6,'2026-07-02 15:48:22'),
(23,23,'自习',2,1,2700,'2026-07-02 15:56:19','2026-07-02 15:56:20',1,'2026-07-02 15:56:19'),
(24,24,'数学',1,0,NULL,'2026-07-03 17:10:02','2026-07-03 17:12:52',169,'2026-07-03 17:10:02'),
(25,24,'数学',1,0,NULL,'2026-07-03 17:14:10','2026-07-03 17:54:05',2395,'2026-07-03 17:14:10'),
(26,35,'自习',2,1,900,'2026-07-04 16:08:02','2026-07-04 16:08:14',11,'2026-07-04 16:08:02');
 
INSERT INTO `subject_submit` (`id`, `assignment_id`, `user_id`, `question_id`, `answer_picture`, `subject_score`, `teacher_comment`, `finish_status`, `grading_status`, `finish_time`, `grading_time`) VALUES (1,1,2,4,'https://example.com/answer1.jpg',18,'句子写得很好！可以试试用 more 来修饰不可数名词哦',2,2,'2026-06-28 13:10:16','2026-06-28 13:10:16'),
(2,2,3,6,'https://example.com/answer2.jpg',NULL,NULL,2,1,'2026-06-28 13:10:16',NULL),
(3,3,2,9,'https://example.com/answer3.jpg',15,'内容很丰富，可以注意一下段落之间的过渡词使用',2,2,'2026-06-28 13:10:16','2026-06-28 13:10:16'),
(4,3,24,9,'2',NULL,NULL,2,1,'2026-07-02 15:18:55',NULL),
(5,4,24,10,'1',NULL,NULL,2,1,'2026-07-02 15:56:06',NULL),
(6,6,2,16,'https://oss-bucket.oss-cn-hangzhou.aliyuncs.com/images/answer.jpg',NULL,NULL,2,1,'2026-07-02 17:44:26',NULL),
(7,6,2,16,'https://oss-bucket.oss-cn-hangzhou.aliyuncs.com/images/answer.jpg',NULL,NULL,2,1,'2026-07-03 09:00:46',NULL),
(8,6,24,16,'2',NULL,NULL,2,1,'2026-07-03 10:14:18',NULL),
(9,5,24,13,'1',NULL,NULL,2,1,'2026-07-03 14:26:24',NULL),
(10,1,24,4,'1',NULL,NULL,2,1,'2026-07-03 14:36:16',NULL),
(12,13,24,43,'9',NULL,NULL,2,1,'2026-07-04 15:27:55',NULL),
(13,13,35,43,'72',NULL,NULL,2,1,'2026-07-04 15:35:06',NULL),
(14,14,35,46,'x=2,y=3',NULL,NULL,2,1,'2026-07-04 16:19:55',NULL),
(15,14,24,46,'x=2，y=1',NULL,NULL,2,1,'2026-07-06 11:53:12',NULL),
(16,14,24,46,'x=2，y=1',NULL,NULL,2,1,'2026-07-06 11:53:17',NULL);
 
INSERT INTO `user` (`id`, `name`, `password`, `phone`, `bio`, `avatar`, `role`, `openid`, `status`, `points`, `ban_expire_time`, `ban_reason`, `created_at`, `updated_at`) VALUES (1,'张艾','$2a$10$fTz2fgrSSUYKv2DsJBK84.DA760FNMLVINvxBcFyiygROKnfblegC','13800000001','资深英语讲师，擅长趣味互动教学','http://qingyun11.oss-cn-shanghai.aliyuncs.com/avatar/116c5962c867456dad59278d4e713708.png?Expires=1785564607&OSSAccessKeyId=LTAI5t9abqoGX3FgfsGCqx4D&Signature=%2F%2FPxOvr1fb1y6fLjwh33%2FA%2FHkpg%3D',2,'wx_openid_001',1,0,'2026-08-01 00:00:00','恶意刷屏','2026-06-28 13:10:15','2026-07-04 16:26:43'),
(2,'李小明','$2a$10$C7Yu.V6xk6FgD5JLGGruLOif4U9FjqAhTlLRmKgcOh5M8ftBvIZDi','13800000002','初二学生，喜欢英语和数学','http://qingyun11.oss-cn-shanghai.aliyuncs.com/avatar/9c8fea6583524546aa2514b8c9cad0e1.png?Expires=1785738933&OSSAccessKeyId=LTAI5t9abqoGX3FgfsGCqx4D&Signature=6y3wuw2gjkUkf8fZYRSKiPFxcQs%3D',1,'wx_openid_002',1,25,NULL,NULL,'2026-06-28 13:10:15','2026-07-04 16:27:26'),
(3,'王小红','$2a$10$c.jm0CtV67pmUHFbWOrrLePwv5CJ9f2ZIGyxG3fT95WzlELsbBfNq','13800000003','初一学生，对英语学习充满热情','http://qingyun11.oss-cn-shanghai.aliyuncs.com/avatar/116c5962c867456dad59278d4e713708.png?Expires=1785564607&OSSAccessKeyId=LTAI5t9abqoGX3FgfsGCqx4D&Signature=%2F%2FPxOvr1fb1y6fLjwh33%2FA%2FHkpg%3D',1,'wx_openid_003',1,45,NULL,NULL,'2026-06-28 13:10:15','2026-07-04 16:26:43'),
(4,'admin','$2a$10$WN9eVoe4xXyEXyuigEmyouKnNBwkz1B5PZbun6.AoRsugZxCT9bay','13800000004','系统管理员','http://qingyun11.oss-cn-shanghai.aliyuncs.com/avatar/116c5962c867456dad59278d4e713708.png?Expires=1785564607&OSSAccessKeyId=LTAI5t9abqoGX3FgfsGCqx4D&Signature=%2F%2FPxOvr1fb1y6fLjwh33%2FA%2FHkpg%3D',3,NULL,1,0,NULL,NULL,'2026-06-28 13:10:15','2026-07-04 16:26:43'),
(5,'李斯','$2a$10$JPSr700uztllim114vqDIeIGHTxIsLT4h3sOgcmPP.UnXiajPDLHy','13800001234',NULL,NULL,1,NULL,1,0,NULL,NULL,'2026-06-28 15:13:29','2026-06-28 15:13:29'),
(6,'我是微信用户','','13800001111',NULL,NULL,1,'mock_openid_0b3hTc00074jEW1oSe3007bJIy4hTc0A',1,0,NULL,NULL,'2026-06-28 15:56:42','2026-06-30 12:43:48'),
(8,'微信用户','',NULL,NULL,NULL,1,'mock_openid_0d3AQ80w3qxCj73zKi1w3imDDG1AQ80z',1,0,NULL,NULL,'2026-06-29 15:22:59','2026-06-29 15:22:59'),
(9,'张三','$2a$10$7J7PRItFzZnawj1wWcxX/.ZwXnfurLrWauKXnXOD9C2gZ3HTPSlNa','13812345678',NULL,NULL,1,'mock_openid_0b3b3HHa1LNu1M0Jz6Ha1o7que4b3HHK',1,0,NULL,NULL,'2026-06-30 11:35:30','2026-06-30 17:06:02'),
(10,'微信用户','',NULL,NULL,NULL,1,'mock_openid_0e3iCaGa1AMeYL0DJoFa1TDjiW3iCaGX',1,0,NULL,NULL,'2026-06-30 11:44:19','2026-06-30 11:44:19'),
(13,'张三','$2a$10$3YPttnZeAlnrOhHq2j07UuvLI8Nm4RXtUiD0MmymuA180S58tuwGS','13812345670',NULL,NULL,1,NULL,1,0,'2026-07-08 14:53:00','发布不实信息','2026-06-30 13:40:57','2026-06-30 13:40:57'),
(22,'何彦星','',NULL,NULL,NULL,1,'mock_openid_0b30QkGa1WprYL09eCGa1NVtCQ30QkGM',1,0,NULL,NULL,'2026-06-30 14:31:56','2026-06-30 15:24:09'),
(24,'韦敏睿','$2a$10$KFLpmo/Ltssn8qrB22Ni2OLCOsLast0EtLYdyb2hW7RAGNARuhc5m','18260933155','','http://qingyun11.oss-cn-shanghai.aliyuncs.com/avatar/116c5962c867456dad59278d4e713708.png?Expires=1785564607&OSSAccessKeyId=LTAI5t9abqoGX3FgfsGCqx4D&Signature=%2F%2FPxOvr1fb1y6fLjwh33%2FA%2FHkpg%3D',1,NULL,1,99090,NULL,NULL,'2026-06-30 16:33:00','2026-07-06 11:11:01'),
(29,'王小月','$2a$10$pfN3eXO/7arC5TM90/tczepFVCDa9HlIxgFVjNW153nU3LP0.s5ju','13206254085',NULL,NULL,1,NULL,1,0,NULL,NULL,NULL,NULL),
(30,'姜威','$2a$10$q.t.bNOYBc.fBvTgZwVMD.kDLel/J5QQDumXh1pnkpJPyWI7L2wKq','18859874125','数学教师,擅长几何领域1',NULL,2,NULL,1,0,NULL,NULL,'2026-07-03 13:23:37','2026-07-03 13:23:39'),
(31,'吴加闵','$2a$10$OU33OjR68rop6mvcwThCtedMTugzYIMaqQVr/31rxmleKPHDIb/6O','13956897455','语文教师,对文学很有研究',NULL,2,NULL,1,0,NULL,NULL,'2026-07-03 13:28:13','2026-07-03 13:28:15'),
(32,'冯骏','$2a$10$3kOKjclDR.SZB0EHn.erge4GvMiMCvcPAifjj8wyq8fshhVxFk7ce','15956485222','物理教师,幽默负责',NULL,2,NULL,1,0,NULL,NULL,'2026-07-03 13:31:35','2026-07-03 13:31:36'),
(33,'林砚','$2a$10$ijs6zimDlg7tUHGsmZ3dMOruRNH9hAe3t6NMveItAr7D.pjOSEPyK','15945698522','化学老师,曾获某某中学诺贝尔化学奖',NULL,2,NULL,1,0,NULL,NULL,'2026-07-03 13:34:12','2026-07-03 13:34:12'),
(34,'王琴','$2a$10$yVEZStb.7a2dfHK5n9zin.wcXJQEXcpCsVOQY36j7IAmfN8KUqZRO','19512548595','生物老师,动物保护协会成员',NULL,2,NULL,1,0,NULL,NULL,'2026-07-03 13:36:17','2026-07-03 13:36:17'),
(35,'何彦星','',NULL,NULL,'http://tmp/VBbBOM8QmYlJ2b897cbae1501965c299a151b1da1249.jpg',1,'mock_openid_the code is a mock one',1,99329,NULL,NULL,NULL,'2026-07-06 11:10:50'),
(36,'张飞','$2a$10$iQ28oKJE4EOiq7NoPfkZ1uqc8gPRBeqYj4cbbH2XRwC78USpi3BCm','18260933156','','http://qingyun11.oss-cn-shanghai.aliyuncs.com/avatar/9c8fea6583524546aa2514b8c9cad0e1.png?Expires=1785738933&OSSAccessKeyId=LTAI5t9abqoGX3FgfsGCqx4D&Signature=6y3wuw2gjkUkf8fZYRSKiPFxcQs%3D',1,NULL,1,0,NULL,NULL,'2026-07-03 17:17:36','2026-07-03 17:17:37'),
(37,'AI助教','$2a$10$U9CoSnlK9RfVqNeTxIne/uA9sbL1ZbpldP6b49Vq90WR8W446BALq',NULL,NULL,'http://qingyun11.oss-cn-shanghai.aliyuncs.com/avator/c578718727924326840e78d1fb20f714.png?Expires=1785892798&OSSAccessKeyId=LTAI5t9abqoGX3FgfsGCqx4D&Signature=OY3poD3xFRgrk%2FidZaMcBMYJpmo%3D',4,NULL,1,0,NULL,NULL,'2026-07-04 17:39:42','2026-07-06 09:20:15'),
(38,'一人','$2a$10$x7KS9DiS.XsVGrEu4BvjM.Hc7Dr8R0h7kwcvYOEy.rxaiIx8Uw/6e','18898989898',NULL,NULL,1,NULL,1,0,NULL,NULL,NULL,NULL);
 
INSERT INTO `vote_record` (`id`, `vote_id`, `user_id`, `selected_option`, `is_correct`, `submitted_at`) VALUES (1,1,2,'B',1,'2026-06-28 13:10:16'),
(2,1,3,'A',0,'2026-06-28 13:10:16'),
(3,2,2,'C',1,'2026-06-28 13:10:16'),
(4,4,24,'C',1,'2026-07-02 17:26:33'),
(5,4,2,'B',0,'2026-07-02 21:09:57'),
(6,5,24,'A',0,'2026-07-03 09:10:10'),
(7,7,24,'A',0,'2026-07-03 09:39:13'),
(8,8,24,'B',0,'2026-07-03 09:48:28'),
(9,9,24,'A',1,'2026-07-04 15:31:10'),
(10,14,35,'A',1,'2026-07-06 11:10:51'),
(11,14,24,'A',1,'2026-07-06 11:11:02');

